,current_time,actual_consumption,actual_pv,price_buy,price_sell,grid_energy,current_charge,money_spent,money_no_batt
0,2014-08-28 21:30:00+0300,80.6056,0.0,0.049,0.031,80.6056,0.0,3.9497,3.9497
1, 2014-08-28 21:45:00+0300,77.078,0.0,0.049,0.031,77.078,0.0,7.7265,7.7265
2, 2014-08-28 22:00:00+0300,74.5128,0.0,0.049,0.031,74.5128,0.0,11.3776,11.3776
3, 2014-08-28 22:15:00+0300,63.4255,0.0,0.049,0.031,63.4255,0.0,14.4855,14.4855
4, 2014-08-28 22:30:00+0300,61.2025,0.0,0.049,0.031,61.2025,0.0,17.4844,17.4844
5, 2014-08-28 22:45:00+0300,50.8954,0.0,0.049,0.031,50.8954,0.0,19.9783,19.9783
6, 2014-08-28 23:00:00+0300,57.7782,0.0,0.049,0.031,57.7782,0.0,22.8094,22.8094
7, 2014-08-28 23:15:00+0300,57.873,0.0,0.049,0.031,57.873,0.0,25.6452,25.6452
8, 2014-08-28 23:30:00+0300,58.0092,0.0,0.049,0.031,58.0092,0.0,28.4876,28.4876
9, 2014-08-28 23:45:00+0300,49.8868,0.0,0.049,0.031,49.8868,0.0,30.9321,30.9321
10, 2014-08-29 00:00:00+0300,52.442,0.0,0.049,0.031,52.442,0.0001,33.5018,33.5017
11, 2014-08-29 00:15:00+0300,58.0703,0.0,0.049,0.031,58.0703,0.0,36.3472,36.3472
12, 2014-08-29 00:30:00+0300,54.7682,0.0,0.049,0.031,54.7682,0.0,39.0308,39.0308
13, 2014-08-29 00:45:00+0300,48.1708,0.0,0.049,0.031,48.1708,0.0,41.3912,41.3912
14, 2014-08-29 01:00:00+0300,51.9858,0.0,0.031,0.031,51.9858,14.7108,43.4828,43.0028
15, 2014-08-29 01:15:00+0300,54.7848,0.0,0.031,0.031,54.7848,32.2344,45.753,44.7011
16, 2014-08-29 01:30:00+0300,52.9484,0.0,0.031,0.031,52.9484,50.0469,47.9756,46.3425
17, 2014-08-29 01:45:00+0300,52.4415,0.0,0.031,0.031,52.4415,67.8594,50.1825,47.9682
18, 2014-08-29 02:00:00+0300,52.8162,0.0,0.031,0.031,70.0579,85.6719,52.4011,49.6055
19, 2014-08-29 02:15:00+0300,58.0318,0.0,0.031,0.031,42.4712,103.4842,54.7813,51.4045
20, 2014-08-29 02:30:00+0300,50.3477,0.0,0.031,0.031,50.3477,121.2967,56.9234,52.9653
21, 2014-08-29 02:45:00+0300,53.8481,0.0,0.031,0.031,53.8482,139.1092,59.1739,54.6345
22, 2014-08-29 03:00:00+0300,54.1396,0.0,0.031,0.031,71.7464,156.9217,61.4335,56.3129
23, 2014-08-29 03:15:00+0300,53.2965,0.0,0.031,0.031,65.061,174.7342,63.6669,57.9651
24, 2014-08-29 03:30:00+0300,52.245,0.0,0.031,0.031,65.7352,192.5467,65.8678,59.5847
25, 2014-08-29 03:45:00+0300,57.4892,0.0,0.031,0.031,76.01,210.3592,68.2312,61.3668
26, 2014-08-29 04:00:00+0300,52.8017,0.0,0.031,0.031,71.5478,228.1717,70.4493,63.0037
27, 2014-08-29 04:15:00+0300,55.0097,0.0,0.031,0.031,72.0452,245.9842,72.7358,64.709
28, 2014-08-29 04:30:00+0300,55.6707,0.0,0.031,0.031,74.4001,263.7967,75.0429,66.4348
29, 2014-08-29 04:45:00+0300,54.9742,0.0,0.031,0.031,73.7242,281.6092,77.3283,68.139
30, 2014-08-29 05:00:00+0300,53.6326,0.0,0.031,0.031,72.3826,299.4217,79.5722,69.8016
31, 2014-08-29 05:15:00+0300,50.617,0.0,0.031,0.031,69.367,300.0,81.1602,71.3707
32, 2014-08-29 05:30:00+0300,54.6841,0.0,0.031,0.031,73.4341,300.0,82.8554,73.0659
33, 2014-08-29 05:45:00+0300,54.777,0.0,0.031,0.031,73.527,300.0,84.5535,74.764
34, 2014-08-29 06:00:00+0300,54.7308,0.0,0.031,0.031,73.4808,300.0,86.2501,76.4607
35, 2014-08-29 06:15:00+0300,53.0749,0.0,0.031,0.031,71.8249,300.0,87.8954,78.106
36, 2014-08-29 06:30:00+0300,53.6552,0.0,0.031,0.031,72.4052,300.0,89.5588,79.7693
37, 2014-08-29 06:45:00+0300,56.176,0.0,0.031,0.031,74.926,300.0,91.3002,81.5107
38, 2014-08-29 07:00:00+0300,52.9605,0.0,0.031,0.031,71.7105,300.0,92.942,83.1525
39, 2014-08-29 07:15:00+0300,55.1707,0.0,0.031,0.031,67.5667,300.0,94.6523,84.8628
40, 2014-08-29 07:30:00+0300,53.9977,0.0,0.031,0.031,53.9977,300.0,96.3262,86.5367
41, 2014-08-29 07:45:00+0300,56.5062,0.9739,0.031,0.031,55.5323,300.0,98.0477,88.2582
42, 2014-08-29 08:00:00+0300,53.3121,4.3683,0.031,0.031,48.9438,300.0,99.565,89.7755
43, 2014-08-29 08:15:00+0300,51.9348,9.7616,0.031,0.031,42.1732,300.0,100.8723,91.0829
44, 2014-08-29 08:30:00+0300,53.8288,13.9918,0.031,0.031,39.8371,300.0,102.1073,92.3178
45, 2014-08-29 08:45:00+0300,60.515,13.4769,0.031,0.031,47.0381,300.0,103.5655,93.776
46, 2014-08-29 09:00:00+0300,50.6149,11.9822,0.049,0.031,38.6327,290.1942,105.002,95.669
47, 2014-08-29 09:15:00+0300,57.5223,12.8194,0.049,0.031,44.703,271.2608,106.3111,97.8594
48, 2014-08-29 09:30:00+0300,56.5719,18.3629,0.049,0.031,38.209,251.5931,107.2678,99.7317
49, 2014-08-29 09:45:00+0300,58.6957,0.1608,0.049,0.031,58.535,231.8602,109.2175,102.5999
50, 2014-08-29 10:00:00+0300,63.7843,9.7621,0.049,0.031,50.3488,212.1237,110.9458,105.247
51, 2014-08-29 10:15:00+0300,80.8662,15.6738,0.049,0.031,69.2622,192.3885,113.2216,108.4414
52, 2014-08-29 10:30:00+0300,74.4818,15.6325,0.049,0.031,58.8496,172.652,115.1865,111.325
53, 2014-08-29 10:45:00+0300,87.363,14.9754,0.049,0.031,72.3874,152.9161,117.8147,114.872
54, 2014-08-29 11:00:00+0300,87.4037,23.1398,0.049,0.031,45.5235,133.1906,120.0454,118.021
55, 2014-08-29 11:15:00+0300,78.0307,25.8226,0.049,0.031,36.8349,113.6269,121.693,120.5791
56, 2014-08-29 11:30:00+0300,88.0016,24.0633,0.049,0.031,45.2608,94.085,123.9163,123.7121
57, 2014-08-29 11:45:00+0300,98.5009,26.9477,0.049,0.031,52.8123,74.9032,126.5295,127.2182
58, 2014-08-29 12:00:00+0300,88.763,37.3258,0.049,0.031,32.7841,57.9525,128.2608,129.7387
59, 2014-08-29 12:15:00+0300,99.7683,48.4199,0.049,0.031,33.462,44.8192,130.1655,132.2547
60, 2014-08-29 12:30:00+0300,92.6893,55.0485,0.049,0.031,19.2499,33.5912,131.4873,134.0991
61, 2014-08-29 12:45:00+0300,84.521,61.2859,0.049,0.031,5.2406,24.6905,132.2115,135.2376
62, 2014-08-29 13:00:00+0300,94.0947,71.888,0.049,0.031,17.611,19.1643,133.0423,136.3258
63, 2014-08-29 13:15:00+0300,92.8105,81.4918,0.049,0.031,9.137,16.0971,133.4542,136.8804
64, 2014-08-29 13:30:00+0300,94.5773,87.5656,0.049,0.031,5.9005,14.9347,133.7436,137.224
65, 2014-08-29 13:45:00+0300,82.3076,91.6838,0.049,0.031,-9.3338,15.1739,133.4608,136.9333
66, 2014-08-29 14:00:00+0300,91.3694,87.2093,0.049,0.031,5.7817,16.7207,133.7444,137.1371
67, 2014-08-29 14:15:00+0300,90.3051,79.0351,0.049,0.031,12.654,17.0701,134.3147,137.6894
68, 2014-08-29 14:30:00+0300,93.7355,71.3417,0.049,0.031,22.5155,16.533,135.387,138.7867
69, 2014-08-29 14:45:00+0300,84.3923,71.1536,0.049,0.031,10.8804,14.8266,135.9562,139.4354
70, 2014-08-29 15:00:00+0300,91.4896,64.0415,0.049,0.031,23.5702,12.4649,137.1912,140.7803
71, 2014-08-29 15:15:00+0300,88.8798,49.9871,0.049,0.031,30.6214,3.8374,138.6954,142.6861
72, 2014-08-29 15:30:00+0300,92.1658,37.1584,0.049,0.031,40.5817,0.0,141.2121,145.3814
73, 2014-08-29 15:45:00+0300,82.432,33.3609,0.049,0.031,32.5877,0.0,143.6166,147.7859
74, 2014-08-29 16:00:00+0300,90.3063,34.9629,0.049,0.031,41.5024,0.0,146.3284,150.4977
75, 2014-08-29 16:15:00+0300,92.7461,45.546,0.049,0.031,40.7791,0.0001,148.6412,152.8105
76, 2014-08-29 16:30:00+0300,95.4397,72.4361,0.049,0.031,20.6562,0.0002,149.7684,153.9377
77, 2014-08-29 16:45:00+0300,79.3593,97.0978,0.049,0.031,-14.6703,4.0012,149.3491,153.3878
78, 2014-08-29 17:00:00+0300,92.1279,94.0522,0.049,0.031,8.0306,13.3253,149.7357,153.3282
79, 2014-08-29 17:15:00+0300,93.4068,95.0821,0.049,0.031,13.9528,28.4405,150.4332,153.2762
80, 2014-08-29 17:30:00+0300,96.4572,102.7942,0.049,0.031,7.5451,43.0753,150.8776,153.0798
81, 2014-08-29 17:45:00+0300,89.2602,100.7806,0.049,0.031,-5.1316,49.9714,150.7455,152.7227
82, 2014-08-29 18:00:00+0300,88.7959,67.3743,0.049,0.031,19.7598,47.6904,151.689,153.7723
83, 2014-08-29 18:15:00+0300,93.8218,33.0877,0.049,0.031,52.4338,37.7295,154.2012,156.7483
84, 2014-08-29 18:30:00+0300,89.9532,27.0437,0.049,0.031,55.1924,28.2102,156.8407,159.8309
85, 2014-08-29 18:45:00+0300,91.7021,31.3403,0.049,0.031,55.3211,22.7325,159.5434,162.7886
86, 2014-08-29 19:00:00+0300,86.9476,31.9328,0.049,0.031,51.1374,17.8851,162.0135,165.4843
87, 2014-08-29 19:15:00+0300,87.8276,43.5155,0.049,0.031,40.7697,14.1394,164.0104,167.6556
88, 2014-08-29 19:30:00+0300,86.5156,51.2844,0.049,0.031,32.5496,11.2874,165.604,169.3819
89, 2014-08-29 19:45:00+0300,79.8718,45.6233,0.049,0.031,31.7994,9.2723,167.1884,171.0601
90, 2014-08-29 20:00:00+0300,84.62,49.7225,0.049,0.031,31.9591,6.696,168.7784,172.7701
91, 2014-08-29 20:15:00+0300,79.6253,49.2272,0.049,0.031,28.2181,4.2167,170.1525,174.2596
92, 2014-08-29 20:30:00+0300,84.5193,35.9303,0.049,0.031,44.3168,0.0032,172.3373,176.6405
93, 2014-08-29 20:45:00+0300,75.9925,14.8124,0.049,0.031,57.7518,0.0021,175.335,179.6383
94, 2014-08-29 21:00:00+0300,78.0636,2.4102,0.049,0.031,68.1232,0.0062,179.0423,183.3453
95, 2014-08-29 21:15:00+0300,72.8641,0.0,0.049,0.031,54.232,0.0,182.6123,186.9156
96, 2014-08-29 21:30:00+0300,77.7302,0.0,0.049,0.031,61.2936,0.0,186.4211,190.7244
97, 2014-08-29 21:45:00+0300,78.2727,0.0,0.049,0.031,67.7741,0.0,190.2564,194.5598
98, 2014-08-29 22:00:00+0300,69.3019,0.0,0.049,0.031,58.8699,0.0,193.6522,197.9556
99, 2014-08-29 22:15:00+0300,55.9415,0.0,0.049,0.031,55.9192,0.0,196.3934,200.6967
100, 2014-08-29 22:30:00+0300,63.3859,0.0,0.049,0.031,63.3859,0.0,199.4993,203.8026
101, 2014-08-29 22:45:00+0300,56.078,0.0,0.049,0.031,56.078,0.0,202.2471,206.5504
102, 2014-08-29 23:00:00+0300,55.9105,0.0,0.049,0.031,55.9105,0.0,204.9867,209.29
103, 2014-08-29 23:15:00+0300,52.2051,0.0,0.049,0.031,52.2051,0.0,207.5448,211.8481
104, 2014-08-29 23:30:00+0300,58.3708,0.0,0.049,0.031,58.3708,0.0,210.4049,214.7083
105, 2014-08-29 23:45:00+0300,54.3711,0.0,0.049,0.031,54.3711,0.0,213.0691,217.3724
106, 2014-08-30 00:00:00+0300,54.0588,0.0,0.049,0.031,54.0588,0.0,215.718,220.0213
107, 2014-08-30 00:15:00+0300,49.1506,0.0,0.049,0.031,49.1506,0.0,218.1264,222.4297
108, 2014-08-30 00:30:00+0300,53.8751,0.0,0.049,0.031,53.8751,0.0,220.7663,225.0696
109, 2014-08-30 00:45:00+0300,55.2902,0.0,0.049,0.031,55.2902,0.0,223.4755,227.7788
110, 2014-08-30 01:00:00+0300,54.379,0.0,0.031,0.031,54.379,15.1886,225.6569,229.4646
111, 2014-08-30 01:15:00+0300,50.1553,0.0,0.031,0.031,50.1553,26.102,227.5678,231.0194
112, 2014-08-30 01:30:00+0300,54.0677,0.0,0.031,0.031,54.0677,39.4523,229.6795,232.6955
113, 2014-08-30 01:45:00+0300,54.8699,0.0,0.031,0.031,54.8699,56.9626,231.9519,234.3964
114, 2014-08-30 02:00:00+0300,52.8426,0.0,0.031,0.031,52.8426,74.6948,234.1686,236.0346
115, 2014-08-30 02:15:00+0300,54.2579,0.0,0.031,0.031,54.2579,91.3035,236.3926,237.7166
116, 2014-08-30 02:30:00+0300,53.1445,0.0,0.031,0.031,53.1445,109.1086,238.6211,239.364
117, 2014-08-30 02:45:00+0300,51.1926,0.0,0.031,0.031,51.1926,126.9211,240.7893,240.951
118, 2014-08-30 03:00:00+0300,54.7887,0.0,0.031,0.031,54.7888,144.7334,243.069,242.6495
119, 2014-08-30 03:15:00+0300,53.4703,0.0,0.031,0.031,53.4703,162.5397,245.3076,244.307
120, 2014-08-30 03:30:00+0300,52.7365,0.0,0.031,0.031,52.7365,180.3522,247.5237,245.9419
121, 2014-08-30 03:45:00+0300,52.1006,0.0,0.031,0.031,52.1006,198.1647,249.7201,247.557
122, 2014-08-30 04:00:00+0300,56.2997,0.0,0.031,0.031,56.3,215.9772,252.0466,249.3023
123, 2014-08-30 04:15:00+0300,51.9222,0.0,0.031,0.031,53.0419,233.7897,254.2375,250.9119
124, 2014-08-30 04:30:00+0300,52.8998,0.0,0.031,0.031,53.5541,251.6022,256.4586,252.5518
125, 2014-08-30 04:45:00+0300,51.5862,0.0,0.031,0.031,54.0802,269.4147,258.639,254.1509
126, 2014-08-30 05:00:00+0300,53.848,0.0,0.031,0.031,59.6004,287.2272,260.8896,255.8202
127, 2014-08-30 05:15:00+0300,54.9705,0.0,0.031,0.031,72.77,300.0,263.0105,257.5243
128, 2014-08-30 05:30:00+0300,52.7453,0.0,0.031,0.031,71.4952,300.0,264.6456,259.1594
129, 2014-08-30 05:45:00+0300,54.3098,0.0,0.031,0.031,73.0598,300.0,266.3292,260.843
130, 2014-08-30 06:00:00+0300,52.4996,0.0,0.031,0.031,71.2495,300.0,267.9566,262.4705
131, 2014-08-30 06:15:00+0300,55.8271,0.0,0.031,0.031,74.5771,300.0,269.6873,264.2011
132, 2014-08-30 06:30:00+0300,52.3612,0.0,0.031,0.031,71.1112,300.0,271.3105,265.8243
133, 2014-08-30 06:45:00+0300,54.3322,0.0,0.031,0.031,73.0822,300.0,272.9948,267.5086
134, 2014-08-30 07:00:00+0300,53.9472,0.0,0.031,0.031,72.6972,300.0,274.6671,269.181
135, 2014-08-30 07:15:00+0300,54.8853,0.0,0.031,0.031,73.6353,300.0,276.3686,270.8824
136, 2014-08-30 07:30:00+0300,53.2331,0.0,0.031,0.031,71.9831,300.0,278.0188,272.5327
137, 2014-08-30 07:45:00+0300,53.689,0.785,0.031,0.031,71.654,300.0,279.6588,274.1727
138, 2014-08-30 08:00:00+0300,54.0955,1.8789,0.031,0.031,70.9666,300.0,281.2776,275.7914
139, 2014-08-30 08:15:00+0300,57.8943,6.419,0.031,0.031,70.2253,299.9998,282.8733,277.3871
140, 2014-08-30 08:30:00+0300,52.8705,12.146,0.031,0.031,59.4745,299.9995,284.1357,278.6496
141, 2014-08-30 08:45:00+0300,54.0883,11.2471,0.031,0.031,61.5912,299.9951,285.4637,279.9777
142, 2014-08-30 09:00:00+0300,51.8382,9.9675,0.049,0.031,60.6148,280.2582,286.5966,282.0293
143, 2014-08-30 09:15:00+0300,55.0495,15.9068,0.049,0.031,45.868,260.5214,287.5958,283.9473
144, 2014-08-30 09:30:00+0300,52.1751,17.6041,0.049,0.031,34.5711,240.7846,288.3711,285.6413
145, 2014-08-30 09:45:00+0300,51.6078,6.0916,0.049,0.031,45.516,221.0477,289.6826,287.8716
146, 2014-08-30 10:00:00+0300,53.9963,9.5069,0.049,0.031,25.7394,201.3109,290.9438,290.0516
147, 2014-08-30 10:15:00+0300,55.7354,14.2346,0.049,0.031,39.5055,181.574,292.0586,292.0851
148, 2014-08-30 10:30:00+0300,52.8966,20.1234,0.049,0.031,49.121,161.8372,292.7458,293.691
149, 2014-08-30 10:45:00+0300,51.818,24.2344,0.049,0.031,16.3833,142.1003,293.1786,295.0426
150, 2014-08-30 11:00:00+0300,53.445,28.0425,0.049,0.031,6.6525,122.3635,293.5046,296.2873
151, 2014-08-30 11:15:00+0300,55.6337,33.7193,0.049,0.031,3.2654,102.6378,293.6602,297.3611
152, 2014-08-30 11:30:00+0300,53.833,36.8243,0.049,0.031,-0.6708,83.3737,293.6201,298.1946
153, 2014-08-30 11:45:00+0300,52.5402,42.9221,0.049,0.031,-4.0439,70.2983,293.5332,298.6658
154, 2014-08-30 12:00:00+0300,54.0385,53.1367,0.049,0.031,-7.3312,63.9902,293.3754,298.71
155, 2014-08-30 12:15:00+0300,55.1961,60.6517,0.049,0.031,-5.0466,64.1536,293.2116,298.5409
156, 2014-08-30 12:30:00+0300,52.8674,66.1452,0.049,0.031,-12.2554,64.8309,292.8221,298.1293
157, 2014-08-30 12:45:00+0300,53.4751,71.2106,0.049,0.031,-15.8628,66.118,292.3143,297.5795
158, 2014-08-30 13:00:00+0300,54.7319,77.1965,0.049,0.031,-21.017,67.2713,291.6555,296.8831
159, 2014-08-30 13:15:00+0300,52.6728,82.3514,0.049,0.031,-25.0813,74.6588,290.9765,295.9631
160, 2014-08-30 13:30:00+0300,53.3044,88.3004,0.049,0.031,-31.4042,81.0163,290.0991,294.8782
161, 2014-08-30 13:45:00+0300,57.6929,91.4105,0.049,0.031,-29.5237,89.2853,289.3237,293.8329
162, 2014-08-30 14:00:00+0300,52.5045,95.8145,0.049,0.031,-39.1047,99.9529,288.3292,292.4903
163, 2014-08-30 14:15:00+0300,56.9824,101.4542,0.049,0.031,-30.6854,116.5883,287.4934,291.1117
164, 2014-08-30 14:30:00+0300,56.1828,105.1508,0.049,0.031,-36.6624,134.0012,286.5436,289.5937
165, 2014-08-30 14:45:00+0300,49.8248,108.1459,0.049,0.031,-45.1539,151.7524,285.3149,287.7857
166, 2014-08-30 15:00:00+0300,53.8102,110.7382,0.049,0.031,-41.1052,169.5498,284.1309,286.021
167, 2014-08-30 15:15:00+0300,56.6488,112.8656,0.049,0.031,-37.7525,187.3622,282.9694,284.2783
168, 2014-08-30 15:30:00+0300,54.3882,114.5289,0.049,0.031,-50.6886,205.1644,281.686,282.4139
169, 2014-08-30 15:45:00+0300,55.1727,115.6008,0.049,0.031,-60.4282,222.9584,280.3933,280.5406
170, 2014-08-30 16:00:00+0300,56.009,116.057,0.049,0.031,-60.048,240.7589,279.1127,278.6791
171, 2014-08-30 16:15:00+0300,49.4351,116.128,0.049,0.031,-66.6929,258.5714,277.6265,276.6117
172, 2014-08-30 16:30:00+0300,54.7832,120.719,0.049,0.031,-65.9359,276.3839,276.1637,274.5676
173, 2014-08-30 16:45:00+0300,60.3938,124.7703,0.049,0.031,-64.3765,294.1964,274.7493,272.572
174, 2014-08-30 17:00:00+0300,52.7638,125.384,0.049,0.031,-72.6202,300.0,272.6874,270.3207
175, 2014-08-30 17:15:00+0300,49.9799,124.4233,0.049,0.031,-74.4435,300.0,270.3797,268.013
176, 2014-08-30 17:30:00+0300,57.0617,122.8739,0.049,0.031,-65.8122,300.0,268.3395,265.9728
177, 2014-08-30 17:45:00+0300,49.3844,120.6213,0.049,0.031,-71.2369,300.0,266.1312,263.7645
178, 2014-08-30 18:00:00+0300,54.3533,117.7167,0.049,0.031,-63.3634,300.0,264.1669,261.8002
179, 2014-08-30 18:15:00+0300,53.8827,114.1133,0.049,0.031,-60.2307,300.0,262.2998,259.9331
180, 2014-08-30 18:30:00+0300,56.1604,109.6494,0.049,0.031,-53.489,300.0,260.6416,258.2749
181, 2014-08-30 18:45:00+0300,51.4321,104.2611,0.049,0.031,-52.829,300.0,259.0039,256.6372
182, 2014-08-30 19:00:00+0300,54.4384,97.9243,0.049,0.031,-43.486,300.0,257.6558,255.2891
183, 2014-08-30 19:15:00+0300,56.7895,90.3256,0.049,0.031,-33.5361,300.0,256.6162,254.2495
184, 2014-08-30 19:30:00+0300,54.6458,81.3832,0.049,0.031,-26.7374,300.0,255.7874,253.4207
185, 2014-08-30 19:45:00+0300,52.8587,72.2054,0.049,0.031,-19.3467,299.9999,255.1876,252.8209
186, 2014-08-30 20:00:00+0300,53.0501,61.2288,0.049,0.031,-8.1787,299.9995,254.9341,252.5674
187, 2014-08-30 20:15:00+0300,53.6435,32.4222,0.049,0.031,15.0034,280.515,255.0669,253.6072
188, 2014-08-30 20:30:00+0300,54.8683,10.0184,0.049,0.031,27.0881,260.7782,256.3458,255.8049
189, 2014-08-30 20:45:00+0300,55.8783,3.5905,0.049,0.031,33.5407,241.0413,257.9891,258.367
190, 2014-08-30 21:00:00+0300,50.9077,0.9167,0.049,0.031,31.2413,221.3045,259.52,260.8165
191, 2014-08-30 21:15:00+0300,53.1879,0.0,0.049,0.031,34.4379,201.5676,261.2074,263.4227
192, 2014-08-30 21:30:00+0300,59.5586,0.0,0.049,0.031,40.8086,181.8308,263.207,266.3411
193, 2014-08-30 21:45:00+0300,41.1092,0.0,0.049,0.031,22.3592,162.094,264.3026,268.3554
194, 2014-08-30 22:00:00+0300,53.5213,0.0,0.049,0.031,34.7726,142.3571,266.0064,270.978
195, 2014-08-30 22:15:00+0300,53.0112,0.0,0.049,0.031,34.2612,122.6203,267.6852,273.5755
196, 2014-08-30 22:30:00+0300,55.1504,0.0,0.049,0.031,36.4004,102.8834,269.4688,276.2779
197, 2014-08-30 22:45:00+0300,52.0254,0.0,0.049,0.031,33.2754,83.1466,271.0993,278.8272
198, 2014-08-30 23:00:00+0300,55.217,0.0,0.049,0.031,36.4685,63.4098,272.8862,281.5328
199, 2014-08-30 23:15:00+0300,49.5036,0.0,0.049,0.031,30.7536,43.673,274.3932,283.9585
200, 2014-08-30 23:30:00+0300,53.2799,0.0,0.049,0.031,34.5299,23.9361,276.0851,286.5692
201, 2014-08-30 23:45:00+0300,54.5091,0.0,0.049,0.031,35.7591,4.1993,277.8373,289.2401
202, 2014-08-31 00:00:00+0300,53.345,0.0,0.049,0.031,36.0689,0.0,280.2558,291.854
203, 2014-08-31 00:15:00+0300,54.7006,0.0,0.049,0.031,54.7006,0.0,282.9361,294.5344
204, 2014-08-31 00:30:00+0300,54.3841,0.0,0.049,0.031,54.3841,0.0,285.6009,297.1992
205, 2014-08-31 00:45:00+0300,54.9818,0.0,0.049,0.031,54.9818,0.0,288.295,299.8933
206, 2014-08-31 01:00:00+0300,52.9762,0.0,0.031,0.031,52.9762,14.692,290.4167,301.5356
207, 2014-08-31 01:15:00+0300,53.77,0.0,0.031,0.031,53.77,28.9103,292.5475,303.2024
208, 2014-08-31 01:30:00+0300,54.5176,0.0,0.031,0.031,54.5176,45.6343,294.7833,304.8925
209, 2014-08-31 01:45:00+0300,55.1482,0.0,0.031,0.031,55.1482,63.4316,297.0737,306.6021
210, 2014-08-31 02:00:00+0300,51.8002,0.0,0.031,0.031,51.8002,81.2394,299.2606,308.2079
211, 2014-08-31 02:15:00+0300,52.5024,0.0,0.031,0.031,52.5024,98.5407,301.4527,309.8355
212, 2014-08-31 02:30:00+0300,55.4639,0.0,0.031,0.031,55.4639,116.3532,303.7533,311.5548
213, 2014-08-31 02:45:00+0300,50.2552,0.0,0.031,0.031,50.2552,134.1657,305.8925,313.1127
214, 2014-08-31 03:00:00+0300,53.9055,0.0,0.031,0.031,53.9055,151.9781,308.1448,314.7838
215, 2014-08-31 03:15:00+0300,55.8829,0.0,0.031,0.031,55.8829,169.7906,310.4584,316.5162
216, 2014-08-31 03:30:00+0300,53.8526,0.0,0.031,0.031,53.8526,187.6031,312.7091,318.1856
217, 2014-08-31 03:45:00+0300,54.9145,0.0,0.031,0.031,54.9145,205.4156,314.9927,319.888
218, 2014-08-31 04:00:00+0300,52.5323,0.0,0.031,0.031,52.5328,223.2281,317.2025,321.5165
219, 2014-08-31 04:15:00+0300,52.5114,0.0,0.031,0.031,59.7127,241.0406,319.4116,323.1443
220, 2014-08-31 04:30:00+0300,55.6686,0.0,0.031,0.031,66.7326,258.8531,321.7185,324.87
221, 2014-08-31 04:45:00+0300,53.3607,0.0,0.031,0.031,70.5226,276.6656,323.954,326.5242
222, 2014-08-31 05:00:00+0300,53.2845,0.0,0.031,0.031,69.5826,294.4781,326.187,328.176
223, 2014-08-31 05:15:00+0300,52.6216,0.0,0.031,0.031,71.3694,300.0,327.9985,329.8073
224, 2014-08-31 05:30:00+0300,55.8236,0.0,0.031,0.031,74.5736,300.0,329.729,331.5378
225, 2014-08-31 05:45:00+0300,48.6387,0.0,0.031,0.031,67.3887,300.0,331.2368,333.0456
226, 2014-08-31 06:00:00+0300,56.788,0.0,0.031,0.031,75.538,300.0,332.9973,334.8061
227, 2014-08-31 06:15:00+0300,50.4166,0.0,0.031,0.031,69.1666,300.0,334.5602,336.369
228, 2014-08-31 06:30:00+0300,54.807,0.0,0.031,0.031,73.557,300.0,336.2592,338.068
229, 2014-08-31 06:45:00+0300,51.0452,0.0,0.031,0.031,69.7952,300.0,337.8416,339.6504
230, 2014-08-31 07:00:00+0300,55.4666,0.0,0.031,0.031,74.2166,300.0,339.5611,341.3699
231, 2014-08-31 07:15:00+0300,52.397,0.0,0.031,0.031,71.147,300.0,341.1854,342.9942
232, 2014-08-31 07:30:00+0300,53.0851,0.0,0.031,0.031,71.8351,300.0,342.831,344.6398
233, 2014-08-31 07:45:00+0300,63.2365,0.5789,0.031,0.031,81.4076,300.0,344.7734,346.5822
234, 2014-08-31 08:00:00+0300,50.7241,3.2188,0.031,0.031,66.2553,300.0,346.2461,348.0549
235, 2014-08-31 08:15:00+0300,52.0723,7.5262,0.031,0.031,63.2961,300.0,347.627,349.4358
236, 2014-08-31 08:30:00+0300,56.409,10.4865,0.031,0.031,64.6725,299.9999,349.0506,350.8594
237, 2014-08-31 08:45:00+0300,49.0916,14.1453,0.031,0.031,36.5122,300.0,350.1339,351.9427
238, 2014-08-31 09:00:00+0300,53.1498,16.4598,0.049,0.031,36.69,280.2631,351.013,353.7405
239, 2014-08-31 09:15:00+0300,51.4547,19.3636,0.049,0.031,32.0912,260.5263,351.6667,355.313
240, 2014-08-31 09:30:00+0300,54.3783,23.1522,0.049,0.031,31.2261,240.7894,352.278,356.8431
241, 2014-08-31 09:45:00+0300,50.5619,0.0854,0.049,0.031,50.4765,221.0526,353.8326,359.3164
242, 2014-08-31 10:00:00+0300,52.1558,9.1605,0.049,0.031,24.2573,201.3158,355.0206,361.4232
243, 2014-08-31 10:15:00+0300,57.2363,15.4275,0.049,0.031,60.5583,181.5789,356.1505,363.4718
244, 2014-08-31 10:30:00+0300,52.5229,15.2762,0.049,0.031,39.2589,161.8421,357.0569,365.2969
245, 2014-08-31 10:45:00+0300,53.8592,13.2049,0.049,0.031,40.6481,142.1053,358.1302,367.289
246, 2014-08-31 11:00:00+0300,53.5782,12.1413,0.049,0.031,22.6869,122.3684,359.2418,369.3194
247, 2014-08-31 11:15:00+0300,55.8476,18.4177,0.049,0.031,18.68,102.6316,360.1571,371.1535
248, 2014-08-31 11:30:00+0300,54.3669,25.075,0.049,0.031,10.5455,82.8947,360.6737,372.5888
249, 2014-08-31 11:45:00+0300,50.67,32.7809,0.049,0.031,-0.8401,63.1586,360.647,373.4653
250, 2014-08-31 12:00:00+0300,55.5793,40.5369,0.049,0.031,-3.6585,44.0637,360.551,374.2024
251, 2014-08-31 12:15:00+0300,54.1838,48.2441,0.049,0.031,3.3479,39.619,360.6351,374.4934
252, 2014-08-31 12:30:00+0300,55.3302,55.5135,0.049,0.031,-0.4131,37.9046,360.579,374.4878
253, 2014-08-31 12:45:00+0300,49.6732,62.8353,0.049,0.031,-11.9194,38.1463,360.1788,374.0797
254, 2014-08-31 13:00:00+0300,55.0167,69.7886,0.049,0.031,-13.4047,39.2737,359.7577,373.6218
255, 2014-08-31 13:15:00+0300,52.8817,76.3745,0.049,0.031,-18.8588,47.8952,359.3107,372.8935
256, 2014-08-31 13:30:00+0300,53.2035,82.6047,0.049,0.031,-25.8983,57.4944,358.7125,371.9821
257, 2014-08-31 13:45:00+0300,54.4057,88.5359,0.049,0.031,-28.9805,71.5389,358.1128,370.9241
258, 2014-08-31 14:00:00+0300,52.4186,94.0806,0.049,0.031,-34.1209,88.3054,357.3684,369.6325
259, 2014-08-31 14:15:00+0300,53.1435,99.4381,0.049,0.031,-30.1213,106.0663,356.5128,368.1974
260, 2014-08-31 14:30:00+0300,56.3799,104.056,0.049,0.031,-31.6566,123.8743,355.616,366.7194
261, 2014-08-31 14:45:00+0300,51.1461,108.2125,0.049,0.031,-38.94,141.6865,354.4282,364.9504
262, 2014-08-31 15:00:00+0300,54.9662,111.8915,0.049,0.031,-38.2812,159.4989,353.2447,363.1857
263, 2014-08-31 15:15:00+0300,60.1506,115.0955,0.049,0.031,-40.4154,177.3114,352.1227,361.4824
264, 2014-08-31 15:30:00+0300,56.469,117.8148,0.049,0.031,-61.3458,195.1239,350.8022,359.5807
265, 2014-08-31 15:45:00+0300,47.4152,120.0738,0.049,0.031,-72.6586,212.9364,349.131,357.3283
266, 2014-08-31 16:00:00+0300,54.856,121.8238,0.049,0.031,-66.9678,230.7489,347.6363,355.2523
267, 2014-08-31 16:15:00+0300,53.687,123.0248,0.049,0.031,-69.3378,248.5614,346.0681,353.1028
268, 2014-08-31 16:30:00+0300,54.9229,123.3952,0.049,0.031,-68.4723,266.3739,344.5267,350.9802
269, 2014-08-31 16:45:00+0300,55.616,118.0069,0.049,0.031,-62.3909,284.1864,343.1738,349.046
270, 2014-08-31 17:00:00+0300,55.767,118.1423,0.049,0.031,-62.3753,300.0,341.7562,347.1124
271, 2014-08-31 17:15:00+0300,47.6149,121.1507,0.049,0.031,-73.5357,300.0,339.4766,344.8328
272, 2014-08-31 17:30:00+0300,54.7816,120.7034,0.049,0.031,-65.9218,300.0,337.433,342.7892
273, 2014-08-31 17:45:00+0300,53.2712,118.4009,0.049,0.031,-65.1297,300.0,335.414,340.7702
274, 2014-08-31 18:00:00+0300,53.6052,114.4807,0.049,0.031,-60.8755,300.0,333.5269,338.8831
275, 2014-08-31 18:15:00+0300,56.6013,91.3588,0.049,0.031,-34.7575,300.0,332.4494,337.8056
276, 2014-08-31 18:30:00+0300,54.9699,61.4739,0.049,0.031,-6.5041,300.0,332.2477,337.604
277, 2014-08-31 18:45:00+0300,50.8273,48.036,0.049,0.031,1.9754,297.4267,332.2647,337.7407
278, 2014-08-31 19:00:00+0300,53.2358,48.1547,0.049,0.031,5.9847,296.7602,332.4827,337.9897
279, 2014-08-31 19:15:00+0300,54.7275,66.1407,0.049,0.031,-11.4139,299.9898,332.2343,337.6359
280, 2014-08-31 19:30:00+0300,54.0187,74.178,0.049,0.031,-20.1582,299.9994,331.6096,337.0109
281, 2014-08-31 19:45:00+0300,58.4362,51.3652,0.049,0.031,7.0702,299.9865,331.9555,337.3574
282, 2014-08-31 20:00:00+0300,52.6619,24.6038,0.049,0.031,17.8639,281.8838,332.4877,338.7323
283, 2014-08-31 20:15:00+0300,55.4368,11.9011,0.049,0.031,24.9741,262.1469,333.7022,340.8655
284, 2014-08-31 20:30:00+0300,54.431,12.8116,0.049,0.031,23.0086,242.4101,334.8228,342.9049
285, 2014-08-31 20:45:00+0300,52.1009,6.5614,0.049,0.031,27.4565,222.6733,336.1355,345.1363
286, 2014-08-31 21:00:00+0300,55.451,0.8542,0.049,0.031,36.1308,202.9364,337.8919,347.8116
287, 2014-08-31 21:15:00+0300,50.8382,0.0,0.049,0.031,32.0882,183.1996,339.4643,350.3026
288, 2014-08-31 21:30:00+0300,53.642,0.0,0.049,0.031,34.8922,163.4627,341.174,352.9311
289, 2014-08-31 21:45:00+0300,52.9589,0.0,0.049,0.031,34.2739,143.7259,342.8502,355.5261
290, 2014-08-31 22:00:00+0300,54.2652,0.0,0.049,0.031,35.8422,123.9891,344.5905,358.1851
291, 2014-08-31 22:15:00+0300,57.5583,0.0,0.049,0.031,38.8083,104.2522,346.4921,361.0054
292, 2014-08-31 22:30:00+0300,51.0614,0.0,0.049,0.031,32.3117,84.5154,348.0753,363.5074
293, 2014-08-31 22:45:00+0300,55.6803,0.0,0.049,0.031,36.9676,64.7785,349.8849,366.2358
294, 2014-08-31 23:00:00+0300,52.3318,0.0,0.049,0.031,33.7559,45.0417,351.5304,368.8
295, 2014-08-31 23:15:00+0300,56.8522,0.0,0.049,0.031,38.1023,25.3049,353.3974,371.5858
296, 2014-08-31 23:30:00+0300,51.6684,0.0,0.049,0.031,32.9184,5.568,355.0104,374.1175
297, 2014-08-31 23:45:00+0300,56.4406,0.0,0.049,0.031,42.2528,0.0,357.5168,376.8831
298, 2014-09-01 00:00:00+0300,52.4769,0.0,0.049,0.031,52.4769,0.0,360.0882,379.4545
299, 2014-09-01 00:15:00+0300,53.7024,0.0,0.049,0.031,53.7024,0.0,362.7196,382.0859
300, 2014-09-01 00:30:00+0300,55.5965,0.0,0.049,0.031,55.5965,0.0,365.4438,384.8101
301, 2014-09-01 00:45:00+0300,49.443,0.0,0.049,0.031,49.443,0.0,367.8665,387.2328
302, 2014-09-01 01:00:00+0300,54.4611,0.0,0.031,0.031,54.4611,16.2814,370.0861,388.9211
303, 2014-09-01 01:15:00+0300,51.6262,0.0,0.031,0.031,51.6262,30.7836,372.1598,390.5216
304, 2014-09-01 01:30:00+0300,55.8137,0.0,0.031,0.031,55.8137,47.8918,374.4483,392.2518
305, 2014-09-01 01:45:00+0300,45.7386,0.0,0.031,0.031,45.7386,65.6994,376.4473,393.6697
306, 2014-09-01 02:00:00+0300,54.1552,0.0,0.031,0.031,54.1553,83.5094,378.7072,395.3485
307, 2014-09-01 02:15:00+0300,53.6051,0.0,0.031,0.031,53.605,101.0658,380.9419,397.0102
308, 2014-09-01 02:30:00+0300,53.7024,0.0,0.031,0.031,53.7024,118.8782,383.1879,398.675
309, 2014-09-01 02:45:00+0300,54.6246,0.0,0.031,0.031,54.6246,136.6907,385.4625,400.3684
310, 2014-09-01 03:00:00+0300,52.0173,0.0,0.031,0.031,52.0178,154.5032,387.6563,401.9809
311, 2014-09-01 03:15:00+0300,53.6374,0.0,0.031,0.031,53.6369,172.3157,389.9003,403.6437
312, 2014-09-01 03:30:00+0300,53.9575,0.0,0.031,0.031,53.9581,190.1282,392.1542,405.3164
313, 2014-09-01 03:45:00+0300,54.9561,0.0,0.031,0.031,54.957,207.9407,394.4391,407.02
314, 2014-09-01 04:00:00+0300,55.0895,0.0,0.031,0.031,57.4871,225.7532,396.7282,408.7278
315, 2014-09-01 04:15:00+0300,50.7285,0.0,0.031,0.031,62.0576,243.5657,398.882,410.3004
316, 2014-09-01 04:30:00+0300,54.8632,0.0,0.031,0.031,72.7093,261.3782,401.164,412.0011
317, 2014-09-01 04:45:00+0300,59.9034,0.0,0.031,0.031,78.6466,279.1907,403.6023,413.8581
318, 2014-09-01 05:00:00+0300,50.1741,0.0,0.031,0.031,68.8807,297.0032,405.7389,415.4135
319, 2014-09-01 05:15:00+0300,55.8195,0.0,0.031,0.031,74.5695,300.0,407.5671,417.1439
320, 2014-09-01 05:30:00+0300,53.6028,0.0,0.031,0.031,72.3528,300.0,409.2288,418.8056
321, 2014-09-01 05:45:00+0300,56.738,0.0,0.031,0.031,75.488,300.0,410.9877,420.5645
322, 2014-09-01 06:00:00+0300,57.0535,0.0,0.031,0.031,75.8035,300.0,412.7563,422.3331
323, 2014-09-01 06:15:00+0300,57.369,0.0,0.031,0.031,76.119,300.0,414.5348,424.1116
324, 2014-09-01 06:30:00+0300,57.6845,0.0,0.031,0.031,76.4345,300.0,416.323,425.8998
325, 2014-09-01 06:45:00+0300,43.8838,0.0,0.031,0.031,62.6338,300.0,417.6834,427.2602
326, 2014-09-01 07:00:00+0300,54.3986,0.0,0.031,0.031,73.1486,300.0,419.3697,428.9466
327, 2014-09-01 07:15:00+0300,54.0563,0.0,0.031,0.031,72.8063,300.0,421.0455,430.6223
328, 2014-09-01 07:30:00+0300,54.0216,0.0,0.031,0.031,72.7716,300.0,422.7202,432.297
329, 2014-09-01 07:45:00+0300,54.5852,0.1912,0.031,0.031,73.1439,300.0,424.4064,433.9832
330, 2014-09-01 08:00:00+0300,52.3186,1.1788,0.031,0.031,69.8898,300.0,425.9917,435.5685
331, 2014-09-01 08:15:00+0300,54.0463,4.2682,0.031,0.031,68.5281,300.0,427.5348,437.1116
332, 2014-09-01 08:30:00+0300,53.4206,7.4569,0.031,0.031,48.9791,300.0,428.9597,438.5365
333, 2014-09-01 08:45:00+0300,52.7298,9.4767,0.031,0.031,43.2531,300.0,430.3005,439.8774
334, 2014-09-01 09:00:00+0300,54.841,11.0268,0.049,0.031,43.8143,280.2643,431.5287,442.0243
335, 2014-09-01 09:15:00+0300,58.6856,12.2536,0.049,0.031,46.432,260.5281,432.8852,444.2994
336, 2014-09-01 09:30:00+0300,54.145,13.1467,0.049,0.031,40.9982,240.7916,433.9754,446.3083
337, 2014-09-01 09:45:00+0300,60.8405,5.3783,0.049,0.031,55.4622,221.0548,435.7743,449.026
338, 2014-09-01 10:00:00+0300,66.2018,8.5138,0.049,0.031,38.938,201.318,437.6822,451.8527
339, 2014-09-01 10:15:00+0300,83.0517,10.6347,0.049,0.031,60.0195,181.5812,440.3119,455.4011
340, 2014-09-01 10:30:00+0300,78.3964,11.6194,0.049,0.031,78.7185,161.8443,442.6652,458.6732
341, 2014-09-01 10:45:00+0300,85.4448,11.6892,0.049,0.031,70.5893,142.1075,445.3605,462.2872
342, 2014-09-01 11:00:00+0300,83.4375,11.8594,0.049,0.031,52.8282,122.3706,447.9491,465.7946
343, 2014-09-01 11:15:00+0300,85.8554,17.7924,0.049,0.031,49.3131,102.6338,450.3654,469.1296
344, 2014-09-01 11:30:00+0300,91.2542,24.8697,0.049,0.031,47.6345,82.897,452.6995,472.3825
345, 2014-09-01 11:45:00+0300,96.3884,33.0137,0.049,0.031,44.6246,63.1601,454.8861,475.4878
346, 2014-09-01 12:00:00+0300,93.7342,41.5963,0.049,0.031,33.3879,43.4238,456.5222,478.0426
347, 2014-09-01 12:15:00+0300,88.4895,55.7176,0.049,0.031,14.0226,23.688,457.2093,479.6484
348, 2014-09-01 12:30:00+0300,92.6368,61.7346,0.049,0.031,12.1583,3.9576,457.805,481.1626
349, 2014-09-01 12:45:00+0300,92.8758,71.0961,0.049,0.031,3.1485,0.0049,458.6882,482.2298
350, 2014-09-01 13:00:00+0300,96.8448,80.5774,0.049,0.031,-1.9065,0.0046,459.4853,483.0269
351, 2014-09-01 13:15:00+0300,84.5988,87.0398,0.049,0.031,-12.4086,0.0028,459.4096,482.9513
352, 2014-09-01 13:30:00+0300,93.722,89.1786,0.049,0.031,-2.8883,0.008,459.6325,483.1739
353, 2014-09-01 13:45:00+0300,96.4301,95.2366,0.049,0.031,-3.6924,0.0068,459.6909,483.2324
354, 2014-09-01 14:00:00+0300,95.2033,101.3668,0.049,0.031,-7.9237,0.6367,459.5204,483.0413
355, 2014-09-01 14:15:00+0300,83.992,105.7562,0.049,0.031,-14.8001,9.325,459.1292,482.3666
356, 2014-09-01 14:30:00+0300,93.3268,109.4481,0.049,0.031,-8.5241,19.3816,458.9576,481.8669
357, 2014-09-01 14:45:00+0300,86.2938,112.7182,0.049,0.031,-16.7069,33.0936,458.5859,481.0477
358, 2014-09-01 15:00:00+0300,88.0103,116.552,0.049,0.031,-15.2375,49.5977,458.2397,480.1629
359, 2014-09-01 15:15:00+0300,87.2549,119.2529,0.049,0.031,-13.2481,67.4101,457.829,479.171
360, 2014-09-01 15:30:00+0300,89.9672,122.3677,0.049,0.031,-13.6506,85.2226,457.4058,478.1666
361, 2014-09-01 15:45:00+0300,94.5029,126.1506,0.049,0.031,-12.8978,103.0351,457.006,477.1855
362, 2014-09-01 16:00:00+0300,87.9881,128.4598,0.049,0.031,-21.722,120.8475,456.3326,475.9309
363, 2014-09-01 16:15:00+0300,95.0039,129.8548,0.049,0.031,-16.1009,138.66,455.8335,474.8505
364, 2014-09-01 16:30:00+0300,89.4133,130.6521,0.049,0.031,-22.4888,156.4725,455.1364,473.5721
365, 2014-09-01 16:45:00+0300,89.5241,130.8419,0.049,0.031,-22.5678,174.285,454.4368,472.2912
366, 2014-09-01 17:00:00+0300,94.2682,130.4055,0.049,0.031,-17.3876,192.0973,453.8977,471.171
367, 2014-09-01 17:15:00+0300,95.047,129.3671,0.049,0.031,-15.5701,209.9098,453.4151,470.107
368, 2014-09-01 17:30:00+0300,94.7524,127.692,0.049,0.031,-14.1899,227.722,452.9752,469.0859
369, 2014-09-01 17:45:00+0300,95.9861,124.9969,0.049,0.031,-15.1671,245.5278,452.6569,468.1866
370, 2014-09-01 18:00:00+0300,92.2775,112.5406,0.049,0.031,-20.2631,263.1861,452.6049,467.5584
371, 2014-09-01 18:15:00+0300,100.8589,98.848,0.049,0.031,2.0097,270.2975,453.0703,467.657
372, 2014-09-01 18:30:00+0300,91.4884,86.7976,0.049,0.031,4.6878,273.5355,453.4671,467.8868
373, 2014-09-01 18:45:00+0300,95.788,90.8327,0.049,0.031,4.9334,274.8787,453.7792,468.1296
374, 2014-09-01 19:00:00+0300,95.1778,98.7788,0.049,0.031,-3.5826,277.2268,453.7442,468.018
375, 2014-09-01 19:15:00+0300,99.7126,94.5709,0.049,0.031,5.1511,281.2142,454.2018,468.2699
376, 2014-09-01 19:30:00+0300,92.7459,85.353,0.049,0.031,7.3898,282.6598,454.6386,468.6322
377, 2014-09-01 19:45:00+0300,81.1758,76.729,0.049,0.031,3.3132,280.2985,454.7466,468.8501
378, 2014-09-01 20:00:00+0300,95.9619,66.8269,0.049,0.031,26.4928,273.9141,455.877,470.2777
379, 2014-09-01 20:15:00+0300,85.7252,53.017,0.049,0.031,26.7034,255.4643,456.6209,471.8804
380, 2014-09-01 20:30:00+0300,89.1522,33.9403,0.049,0.031,41.0991,235.7276,458.4075,474.5858
381, 2014-09-01 20:45:00+0300,78.4855,10.5844,0.049,0.031,49.3301,215.9907,460.8159,477.9129
382, 2014-09-01 21:00:00+0300,83.1882,0.8559,0.049,0.031,63.5839,196.2539,463.9315,481.9472
383, 2014-09-01 21:15:00+0300,76.6685,0.0,0.049,0.031,57.9185,176.517,466.7695,485.704
384, 2014-09-01 21:30:00+0300,80.3687,0.0,0.049,0.031,61.6187,156.7802,469.7888,489.642
385, 2014-09-01 21:45:00+0300,73.2679,0.0,0.049,0.031,54.5318,137.0434,472.4602,493.2322
386, 2014-09-01 22:00:00+0300,74.6726,0.0,0.049,0.031,56.5211,117.3065,475.2004,496.8911
387, 2014-09-01 22:15:00+0300,57.766,0.0,0.049,0.031,39.016,97.5697,477.1122,499.7217
388, 2014-09-01 22:30:00+0300,60.813,0.0,0.049,0.031,42.063,77.8328,479.1733,502.7015
389, 2014-09-01 22:45:00+0300,56.8889,0.0,0.049,0.031,38.1424,58.096,481.0421,505.4891
390, 2014-09-01 23:00:00+0300,58.6787,0.0,0.049,0.031,40.126,38.3592,482.9986,508.3643
391, 2014-09-01 23:15:00+0300,53.0083,0.0,0.049,0.031,34.2583,18.6223,484.6772,510.9617
392, 2014-09-01 23:30:00+0300,53.6429,0.0,0.049,0.031,34.8929,0.0,486.4389,513.5902
393, 2014-09-01 23:45:00+0300,51.3172,0.0,0.049,0.031,32.5672,0.0,488.9534,516.1048
394, 2014-09-02 00:00:00+0300,53.9365,0.0,0.049,0.031,35.5904,0.0,491.5963,518.7477
395, 2014-09-02 00:15:00+0300,53.3245,0.0,0.049,0.031,53.3245,0.0,494.2092,521.3606
396, 2014-09-02 00:30:00+0300,52.913,0.0,0.049,0.031,52.913,0.0,496.8019,523.9533
397, 2014-09-02 00:45:00+0300,56.2493,0.0,0.049,0.031,56.2493,0.0,499.5581,526.7095
398, 2014-09-02 01:00:00+0300,52.1893,0.0,0.031,0.031,52.1893,15.3189,501.6759,528.3274
399, 2014-09-02 01:15:00+0300,52.1783,0.0,0.031,0.031,52.1783,29.5867,503.759,529.9449
400, 2014-09-02 01:30:00+0300,53.3279,0.0,0.031,0.031,53.3279,46.9402,505.9784,531.5981
401, 2014-09-02 01:45:00+0300,51.4269,0.0,0.031,0.031,51.4269,64.7511,508.1539,533.1923
402, 2014-09-02 02:00:00+0300,51.8373,0.0,0.031,0.031,51.8373,82.562,510.342,534.7993
403, 2014-09-02 02:15:00+0300,52.7326,0.0,0.031,0.031,52.7326,99.9319,512.5435,536.434
404, 2014-09-02 02:30:00+0300,54.6613,0.0,0.031,0.031,54.6613,117.7444,514.8193,538.1285
405, 2014-09-02 02:45:00+0300,51.5591,0.0,0.031,0.031,51.5591,135.5569,516.9989,539.7268
406, 2014-09-02 03:00:00+0300,53.3688,0.0,0.031,0.031,53.3696,153.3694,519.2346,541.3812
407, 2014-09-02 03:15:00+0300,56.6036,0.0,0.031,0.031,56.6028,171.1818,521.5705,543.1359
408, 2014-09-02 03:30:00+0300,53.2441,0.0,0.031,0.031,53.2462,188.9943,523.8023,544.7865
409, 2014-09-02 03:45:00+0300,55.4346,0.0,0.031,0.031,55.4376,206.8068,526.1021,546.505
410, 2014-09-02 04:00:00+0300,52.3249,0.0,0.031,0.031,52.3308,224.6193,528.3054,548.1271
411, 2014-09-02 04:15:00+0300,53.2907,0.0,0.031,0.031,61.9856,242.4318,530.5386,549.7791
412, 2014-09-02 04:30:00+0300,53.2418,0.0,0.031,0.031,69.0768,260.2443,532.7704,551.4296
413, 2014-09-02 04:45:00+0300,58.7255,0.0,0.031,0.031,77.3732,278.0568,535.1721,553.2501
414, 2014-09-02 05:00:00+0300,52.0169,0.0,0.031,0.031,70.5424,295.8693,537.3659,554.8626
415, 2014-09-02 05:15:00+0300,51.0964,0.0,0.031,0.031,69.8464,300.0,539.0847,556.4466
416, 2014-09-02 05:30:00+0300,53.9098,0.0,0.031,0.031,72.6598,300.0,540.7559,558.1178
417, 2014-09-02 05:45:00+0300,53.6877,0.0,0.031,0.031,72.4377,300.0,542.4202,559.7821
418, 2014-09-02 06:00:00+0300,54.7001,0.0,0.031,0.031,73.4501,300.0,544.1159,561.4778
419, 2014-09-02 06:15:00+0300,57.2229,0.0,0.031,0.031,75.9729,300.0,545.8898,563.2517
420, 2014-09-02 06:30:00+0300,52.4974,0.0,0.031,0.031,71.2474,300.0,547.5172,564.8791
421, 2014-09-02 06:45:00+0300,50.1864,0.0,0.031,0.031,68.9364,300.0,549.073,566.4349
422, 2014-09-02 07:00:00+0300,54.6984,0.0,0.031,0.031,73.4484,300.0,550.7687,568.1305
423, 2014-09-02 07:15:00+0300,53.1012,0.0,0.031,0.031,71.8512,300.0,552.4148,569.7767
424, 2014-09-02 07:30:00+0300,54.9655,0.0,0.031,0.031,73.7155,300.0,554.1187,571.4806
425, 2014-09-02 07:45:00+0300,46.4267,0.4534,0.031,0.031,64.7232,300.0,555.5439,572.9058
426, 2014-09-02 08:00:00+0300,57.7971,2.3778,0.031,0.031,74.1694,300.0,557.2619,574.6238
427, 2014-09-02 08:15:00+0300,47.2784,4.6811,0.031,0.031,61.3473,300.0,558.5824,575.9443
428, 2014-09-02 08:30:00+0300,53.783,6.6948,0.031,0.031,57.4134,300.0,560.0421,577.404
429, 2014-09-02 08:45:00+0300,48.6304,8.6827,0.031,0.031,39.9476,300.0,561.2805,578.6424
430, 2014-09-02 09:00:00+0300,53.3965,10.7253,0.049,0.031,42.6713,280.2637,562.4527,580.7333
431, 2014-09-02 09:15:00+0300,55.1538,12.0852,0.049,0.031,43.0687,260.5419,563.645,582.8437
432, 2014-09-02 09:30:00+0300,54.6277,12.8162,0.049,0.031,41.8115,240.8254,564.776,584.8924
433, 2014-09-02 09:45:00+0300,64.8127,5.2033,0.049,0.031,59.6094,221.1749,566.7821,587.8133
434, 2014-09-02 10:00:00+0300,69.332,8.2859,0.049,0.031,42.2961,201.438,568.8546,590.8045
435, 2014-09-02 10:15:00+0300,73.9625,10.2984,0.049,0.031,62.2559,181.7012,571.0554,593.9241
436, 2014-09-02 10:30:00+0300,79.5186,11.264,0.049,0.031,73.5054,161.9644,573.4811,597.2686
437, 2014-09-02 10:45:00+0300,84.2504,11.346,0.049,0.031,78.3394,142.2275,576.1347,600.8409
438, 2014-09-02 11:00:00+0300,82.7361,11.6085,0.049,0.031,52.3776,122.4907,578.7012,604.3261
439, 2014-09-02 11:15:00+0300,85.0125,16.1581,0.049,0.031,50.1044,102.7538,581.1563,607.7
440, 2014-09-02 11:30:00+0300,89.504,24.3753,0.049,0.031,46.3788,83.017,583.4289,610.8913
441, 2014-09-02 11:45:00+0300,101.1233,32.6661,0.049,0.031,49.7072,63.2802,585.8645,614.2457
442, 2014-09-02 12:00:00+0300,83.6645,41.0208,0.049,0.031,23.8937,43.5434,587.0353,616.3352
443, 2014-09-02 12:15:00+0300,100.4206,48.9948,0.049,0.031,32.6758,23.8067,588.6364,618.8551
444, 2014-09-02 12:30:00+0300,85.9857,57.1511,0.049,0.031,10.0846,4.0766,589.1309,620.268
445, 2014-09-02 12:45:00+0300,99.2189,64.9564,0.049,0.031,15.5213,0.0064,590.6203,621.9469
446, 2014-09-02 13:00:00+0300,96.462,72.3394,0.049,0.031,5.5881,0.0132,591.8026,623.1289
447, 2014-09-02 13:15:00+0300,81.8288,79.277,0.049,0.031,-15.0037,0.0029,591.9272,623.2539
448, 2014-09-02 13:30:00+0300,95.8188,85.8328,0.049,0.031,-3.214,0.0036,592.4166,623.7432
449, 2014-09-02 13:45:00+0300,90.7795,92.0126,0.049,0.031,-8.3747,0.0019,592.3783,623.705
450, 2014-09-02 14:00:00+0300,90.8207,98.0864,0.049,0.031,-9.6051,0.6673,592.1748,623.4798
451, 2014-09-02 14:15:00+0300,90.4281,103.4004,0.049,0.031,-7.6288,6.6235,591.967,623.0776
452, 2014-09-02 14:30:00+0300,91.996,108.2502,0.049,0.031,-6.9259,17.3642,591.8136,622.5738
453, 2014-09-02 14:45:00+0300,90.7181,112.6234,0.049,0.031,-7.7755,32.4554,591.627,621.8947
454, 2014-09-02 15:00:00+0300,90.2219,116.5104,0.049,0.031,-8.8062,49.9765,591.3838,621.0797
455, 2014-09-02 15:15:00+0300,93.7814,119.887,0.049,0.031,-9.3637,67.0286,591.1309,620.2705
456, 2014-09-02 15:30:00+0300,88.1142,122.7453,0.049,0.031,-16.0723,84.8135,590.6377,619.1969
457, 2014-09-02 15:45:00+0300,102.3429,125.0786,0.049,0.031,-3.9984,102.6249,590.5141,618.4921
458, 2014-09-02 16:00:00+0300,87.7345,126.8991,0.049,0.031,-20.4192,120.4367,589.8812,617.278
459, 2014-09-02 16:15:00+0300,90.0226,128.1826,0.049,0.031,-19.4505,138.2432,589.2793,616.095
460, 2014-09-02 16:30:00+0300,91.494,128.9172,0.049,0.031,-18.6797,156.0555,588.7005,614.9349
461, 2014-09-02 16:45:00+0300,91.2952,129.0783,0.049,0.031,-19.0361,173.8678,588.1104,613.7636
462, 2014-09-02 17:00:00+0300,92.068,128.598,0.049,0.031,-17.7864,191.6797,587.5592,612.6312
463, 2014-09-02 17:15:00+0300,91.4456,127.5019,0.049,0.031,-17.3211,209.4888,587.0226,611.5135
464, 2014-09-02 17:30:00+0300,87.3612,125.8151,0.049,0.031,-19.7105,227.3007,586.4118,610.3214
465, 2014-09-02 17:45:00+0300,87.2639,123.5647,0.049,0.031,-24.8241,245.1128,585.8677,609.1961
466, 2014-09-02 18:00:00+0300,91.6844,121.1369,0.049,0.031,-29.4525,262.9229,585.5358,608.2831
467, 2014-09-02 18:15:00+0300,93.1597,117.5703,0.049,0.031,-24.4106,280.7164,585.3598,607.5263
468, 2014-09-02 18:30:00+0300,92.8974,113.0422,0.049,0.031,-20.1449,298.4656,585.3144,606.9018
469, 2014-09-02 18:45:00+0300,87.9374,107.4453,0.049,0.031,-19.5079,300.0,584.7598,606.2971
470, 2014-09-02 19:00:00+0300,90.4224,100.7098,0.049,0.031,-10.2873,300.0,584.4409,605.9782
471, 2014-09-02 19:15:00+0300,100.4137,92.7304,0.049,0.031,7.6829,299.992,584.817,606.3547
472, 2014-09-02 19:30:00+0300,89.4635,83.6713,0.049,0.031,5.1937,298.1948,585.0171,606.6385
473, 2014-09-02 19:45:00+0300,85.7328,75.4791,0.049,0.031,8.3808,294.5047,585.3478,607.1409
474, 2014-09-02 20:00:00+0300,88.6881,66.0309,0.049,0.031,19.0824,288.0219,586.1562,608.2511
475, 2014-09-02 20:15:00+0300,86.4754,52.4006,0.049,0.031,28.9715,275.7349,587.2539,609.9208
476, 2014-09-02 20:30:00+0300,82.5453,32.889,0.049,0.031,33.6548,255.9986,588.7684,612.3539
477, 2014-09-02 20:45:00+0300,78.7202,9.0962,0.049,0.031,51.9059,236.2617,591.2612,615.7655
478, 2014-09-02 21:00:00+0300,76.6364,0.3374,0.049,0.031,57.5981,216.5249,594.0811,619.5042
479, 2014-09-02 21:15:00+0300,76.778,0.0,0.049,0.031,59.3998,196.7883,596.9245,623.2663
480, 2014-09-02 21:30:00+0300,77.8839,0.0,0.049,0.031,59.2503,177.0514,599.822,627.0826
481, 2014-09-02 21:45:00+0300,78.1896,0.0,0.049,0.031,59.5253,157.3146,602.7346,630.9139
482, 2014-09-02 22:00:00+0300,67.6126,0.0,0.049,0.031,49.6614,137.5777,605.1288,634.2269
483, 2014-09-02 22:15:00+0300,63.0956,0.0,0.049,0.031,45.1152,117.8411,607.3018,637.3186
484, 2014-09-02 22:30:00+0300,63.0322,0.0,0.049,0.031,44.3474,98.1042,609.4716,640.4072
485, 2014-09-02 22:45:00+0300,59.5593,0.0,0.049,0.031,40.8506,78.3674,611.4713,643.3256
486, 2014-09-02 23:00:00+0300,57.0608,0.0,0.049,0.031,38.4801,58.6305,613.3485,646.1216
487, 2014-09-02 23:15:00+0300,53.6091,0.0,0.049,0.031,34.9338,38.8949,615.0566,648.7484
488, 2014-09-02 23:30:00+0300,55.0076,0.0,0.049,0.031,36.2606,19.1581,616.8333,651.4438
489, 2014-09-02 23:45:00+0300,57.4819,0.0,0.049,0.031,38.7344,0.0,618.7581,654.2604
490, 2014-09-03 00:00:00+0300,52.8217,0.0,0.049,0.031,34.1475,0.0,621.3463,656.8487
491, 2014-09-03 00:15:00+0300,58.8146,0.0,0.049,0.031,58.811,0.0,624.2283,659.7306
492, 2014-09-03 00:30:00+0300,50.4987,0.0,0.049,0.031,50.4987,0.0,626.7027,662.205
493, 2014-09-03 00:45:00+0300,55.6359,0.0,0.049,0.031,55.6359,0.0,629.4289,664.9312
494, 2014-09-03 01:00:00+0300,53.5565,0.0,0.031,0.031,53.5565,0.0,631.0891,666.5914
495, 2014-09-03 01:15:00+0300,50.7909,0.0,0.031,0.031,50.7909,5.6632,632.8484,668.1659
496, 2014-09-03 01:30:00+0300,52.736,0.0,0.031,0.031,52.736,14.9209,634.7853,669.8008
497, 2014-09-03 01:45:00+0300,52.855,0.0,0.031,0.031,52.855,27.5043,636.8345,671.4393
498, 2014-09-03 02:00:00+0300,52.9186,0.0,0.031,0.031,52.9186,37.4604,638.7998,673.0797
499, 2014-09-03 02:15:00+0300,52.4745,0.0,0.031,0.031,52.4745,47.7473,640.7622,674.7064
500, 2014-09-03 02:30:00+0300,55.2367,0.0,0.031,0.031,55.2367,63.0208,642.9729,676.4188
501, 2014-09-03 02:45:00+0300,50.8549,0.0,0.031,0.031,50.8549,79.7445,645.0952,677.9953
502, 2014-09-03 03:00:00+0300,51.9713,0.0,0.031,0.031,51.9713,93.1253,647.1429,679.6064
503, 2014-09-03 03:15:00+0300,60.3547,0.0,0.031,0.031,60.3547,107.267,649.4754,681.4774
504, 2014-09-03 03:30:00+0300,52.4288,0.0,0.031,0.031,52.4288,124.5461,651.6645,683.1027
505, 2014-09-03 03:45:00+0300,51.1808,0.0,0.031,0.031,51.1808,142.2188,653.8278,684.6893
506, 2014-09-03 04:00:00+0300,53.3148,0.0,0.031,0.031,53.3148,158.5887,656.0147,686.3421
507, 2014-09-03 04:15:00+0300,54.7501,0.0,0.031,0.031,58.0306,175.0862,658.2503,688.0393
508, 2014-09-03 04:30:00+0300,53.712,0.0,0.031,0.031,60.871,192.8198,660.4941,689.7044
509, 2014-09-03 04:45:00+0300,50.6202,0.0,0.031,0.031,60.8843,210.6148,662.644,691.2736
510, 2014-09-03 05:00:00+0300,55.4455,0.0,0.031,0.031,63.4415,227.9788,664.9294,692.9924
511, 2014-09-03 05:15:00+0300,49.6243,0.0,0.031,0.031,60.1613,245.5438,667.0409,694.5308
512, 2014-09-03 05:30:00+0300,54.1259,0.0,0.031,0.031,70.3445,263.3425,669.2996,696.2087
513, 2014-09-03 05:45:00+0300,56.0099,0.0,0.031,0.031,73.6794,281.1514,671.6171,697.945
514, 2014-09-03 06:00:00+0300,53.7338,0.0,0.031,0.031,68.4675,298.7734,673.8579,699.6107
515, 2014-09-03 06:15:00+0300,53.9248,0.0,0.031,0.031,70.3401,300.0,675.5695,701.2824
516, 2014-09-03 06:30:00+0300,53.2085,0.0,0.031,0.031,71.8292,300.0,677.219,702.9319
517, 2014-09-03 06:45:00+0300,54.3482,0.0,0.031,0.031,73.0695,300.0,678.9038,704.6166
518, 2014-09-03 07:00:00+0300,54.1415,0.0,0.031,0.031,72.4034,300.0,680.5822,706.295
519, 2014-09-03 07:15:00+0300,51.9599,0.0,0.031,0.031,70.5941,300.0,682.1929,707.9058
520, 2014-09-03 07:30:00+0300,56.2376,0.0,0.031,0.031,74.9812,300.0,683.9363,709.6492
521, 2014-09-03 07:45:00+0300,48.9628,0.1433,0.031,0.031,67.5681,300.0,685.4497,711.1626
522, 2014-09-03 08:00:00+0300,53.2228,1.225,0.031,0.031,70.6488,300.0,687.0616,712.7745
523, 2014-09-03 08:15:00+0300,56.5978,3.8167,0.031,0.031,71.0535,300.0,688.6979,714.4107
524, 2014-09-03 08:30:00+0300,52.8097,6.4338,0.031,0.031,65.1027,300.0,690.1355,715.8484
525, 2014-09-03 08:45:00+0300,54.9599,8.557,0.031,0.031,65.1423,300.0,691.574,717.2868
526, 2014-09-03 09:00:00+0300,53.1368,10.6,0.049,0.031,59.9371,290.3996,693.2114,719.3712
527, 2014-09-03 09:15:00+0300,51.9339,11.997,0.049,0.031,47.9324,270.6642,694.2496,721.3281
528, 2014-09-03 09:30:00+0300,54.9669,12.7455,0.049,0.031,42.2215,250.9279,695.3998,723.3969
529, 2014-09-03 09:45:00+0300,63.8401,4.7447,0.049,0.031,59.0954,231.1911,697.3767,726.2926
530, 2014-09-03 10:00:00+0300,70.6838,8.0642,0.049,0.031,43.8696,211.4543,699.5263,729.3609
531, 2014-09-03 10:15:00+0300,77.5109,10.206,0.049,0.031,64.71,191.7174,701.9055,732.6589
532, 2014-09-03 10:30:00+0300,83.1338,11.2117,0.049,0.031,58.4807,171.9806,704.5109,736.1831
533, 2014-09-03 10:45:00+0300,81.4817,11.3302,0.049,0.031,51.4197,152.2438,707.0296,739.6205
534, 2014-09-03 11:00:00+0300,81.8982,11.6085,0.049,0.031,51.5398,132.5069,709.555,743.0647
535, 2014-09-03 11:15:00+0300,87.6229,16.5794,0.049,0.031,52.2936,112.7701,712.1174,746.5458
536, 2014-09-03 11:30:00+0300,76.299,23.6818,0.049,0.031,33.8672,93.0332,713.7769,749.1241
537, 2014-09-03 11:45:00+0300,87.2946,31.8888,0.049,0.031,36.6558,73.2964,715.5731,751.839
538, 2014-09-03 12:00:00+0300,87.6709,40.1365,0.049,0.031,28.7845,53.5598,716.9835,754.1681
539, 2014-09-03 12:15:00+0300,96.8929,48.3492,0.049,0.031,29.7937,33.823,718.4434,756.5468
540, 2014-09-03 12:30:00+0300,90.3758,56.0756,0.049,0.031,15.5515,14.0863,719.2054,758.2275
541, 2014-09-03 12:45:00+0300,95.3877,63.8383,0.049,0.031,12.8648,0.0608,720.0984,759.7734
542, 2014-09-03 13:00:00+0300,92.7066,71.2023,0.049,0.031,4.5113,0.0277,721.1506,760.8271
543, 2014-09-03 13:15:00+0300,89.8771,78.1345,0.049,0.031,-2.8188,0.0535,721.7273,761.4025
544, 2014-09-03 13:30:00+0300,92.2628,84.6469,0.049,0.031,-1.6254,0.033,722.0995,761.7757
545, 2014-09-03 13:45:00+0300,92.5936,90.7431,0.049,0.031,-2.1942,0.0175,722.1895,761.8664
546, 2014-09-03 14:00:00+0300,95.3263,96.4177,0.049,0.031,-0.671,3.8586,722.3341,761.8325
547, 2014-09-03 14:15:00+0300,86.4011,101.8811,0.049,0.031,-7.7805,12.7343,722.1439,761.3527
548, 2014-09-03 14:30:00+0300,92.202,106.6096,0.049,0.031,-1.0875,27.2417,722.1862,760.906
549, 2014-09-03 14:45:00+0300,86.5928,110.8622,0.049,0.031,-6.7393,44.7377,722.0047,760.1537
550, 2014-09-03 15:00:00+0300,87.8894,114.588,0.049,0.031,-8.2164,62.5209,721.7574,759.326
551, 2014-09-03 15:15:00+0300,91.8082,117.7896,0.049,0.031,-7.2418,80.3295,721.5331,758.5206
552, 2014-09-03 15:30:00+0300,87.3035,120.4971,0.049,0.031,-14.4441,98.1418,721.0853,757.4916
553, 2014-09-03 15:45:00+0300,91.615,122.7664,0.049,0.031,-12.4014,115.9543,720.7009,756.5259
554, 2014-09-03 16:00:00+0300,91.2451,124.451,0.049,0.031,-14.4559,133.7667,720.2528,755.4965
555, 2014-09-03 16:15:00+0300,87.9373,125.6602,0.049,0.031,-18.973,151.5792,719.6646,754.3271
556, 2014-09-03 16:30:00+0300,88.2623,126.2896,0.049,0.031,-19.2773,169.3917,719.067,753.1483
557, 2014-09-03 16:45:00+0300,82.972,126.2853,0.049,0.031,-24.5633,187.2042,718.3055,751.8056
558, 2014-09-03 17:00:00+0300,92.9863,125.6524,0.049,0.031,-13.9161,205.0167,717.8741,750.7929
559, 2014-09-03 17:15:00+0300,91.3917,124.3984,0.049,0.031,-14.2567,222.8292,717.4322,749.7697
560, 2014-09-03 17:30:00+0300,89.3677,122.5015,0.049,0.031,-14.3838,240.6417,716.9863,748.7426
561, 2014-09-03 17:45:00+0300,100.9644,120.4766,0.049,0.031,-0.7623,258.4542,716.9626,748.1377
562, 2014-09-03 18:00:00+0300,87.0943,117.5323,0.049,0.031,-19.0132,276.2666,716.6003,747.1941
563, 2014-09-03 18:15:00+0300,93.8826,113.8145,0.049,0.031,-19.9319,294.0617,716.5631,746.5762
564, 2014-09-03 18:30:00+0300,91.5607,109.1247,0.049,0.031,-17.564,300.0,716.2124,746.0317
565, 2014-09-03 18:45:00+0300,93.0067,103.3864,0.049,0.031,-10.3798,300.0,715.8906,745.71
566, 2014-09-03 19:00:00+0300,90.0883,96.577,0.049,0.031,-6.4887,300.0,715.6895,745.5088
567, 2014-09-03 19:15:00+0300,96.2496,88.3513,0.049,0.031,7.8789,299.9403,716.0737,745.8958
568, 2014-09-03 19:30:00+0300,87.2839,79.2918,0.049,0.031,6.693,297.7264,716.3623,746.2874
569, 2014-09-03 19:45:00+0300,86.5253,70.4924,0.049,0.031,13.5014,293.6808,716.9596,747.073
570, 2014-09-03 20:00:00+0300,88.2682,59.9532,0.049,0.031,24.7035,287.3077,718.0503,748.4605
571, 2014-09-03 20:15:00+0300,93.8401,45.3232,0.049,0.031,41.5707,271.6747,719.6999,750.8378
572, 2014-09-03 20:30:00+0300,84.9283,25.4484,0.049,0.031,46.9977,251.9711,721.6973,753.7523
573, 2014-09-03 20:45:00+0300,89.6373,6.2607,0.049,0.031,68.2192,232.2344,724.864,757.8378
574, 2014-09-03 21:00:00+0300,78.7671,0.0634,0.049,0.031,62.0897,212.499,727.8018,761.6943
575, 2014-09-03 21:15:00+0300,73.0992,0.0,0.049,0.031,54.5371,192.7623,730.4649,765.2761
576, 2014-09-03 21:30:00+0300,82.4614,0.0,0.049,0.031,63.8238,173.0255,733.5867,769.3167
577, 2014-09-03 21:45:00+0300,73.3921,0.0,0.049,0.031,54.7092,153.2887,736.2642,772.9129
578, 2014-09-03 22:00:00+0300,74.985,0.0,0.049,0.031,58.8108,133.5534,739.0198,776.5872
579, 2014-09-03 22:15:00+0300,58.5561,0.0,0.049,0.031,39.8074,113.8165,740.9703,779.4565
580, 2014-09-03 22:30:00+0300,60.4084,0.0,0.049,0.031,41.6584,94.0797,743.0116,782.4165
581, 2014-09-03 22:45:00+0300,53.9776,0.0,0.049,0.031,35.2277,74.3428,744.7377,785.0614
582, 2014-09-03 23:00:00+0300,55.0139,0.0,0.049,0.031,36.4132,54.606,746.5146,787.7571
583, 2014-09-03 23:15:00+0300,58.8275,0.0,0.049,0.031,40.0775,34.8692,748.4784,790.6396
584, 2014-09-03 23:30:00+0300,53.2866,0.0,0.049,0.031,34.5366,15.1323,750.1707,793.2507
585, 2014-09-03 23:45:00+0300,50.1619,0.0,0.049,0.031,31.4119,0.0,751.9243,795.7086
586, 2014-09-04 00:00:00+0300,55.4086,0.0,0.049,0.031,36.6639,0.0,754.6393,798.4236
587, 2014-09-04 00:15:00+0300,50.9709,0.0,0.049,0.031,46.5334,0.0,757.1369,800.9212
588, 2014-09-04 00:30:00+0300,56.6731,0.0,0.049,0.031,56.6731,0.0,759.9138,803.6982
589, 2014-09-04 00:45:00+0300,49.9236,0.0,0.049,0.031,49.9236,0.0,762.3601,806.1444
590, 2014-09-04 01:00:00+0300,56.0721,0.0,0.031,0.031,56.0721,0.0,764.0983,807.8827
591, 2014-09-04 01:15:00+0300,53.7065,0.0,0.031,0.031,53.7065,3.6201,765.8814,809.5476
592, 2014-09-04 01:30:00+0300,50.6584,0.0,0.031,0.031,50.6584,7.9009,767.5915,811.118
593, 2014-09-04 01:45:00+0300,56.2537,0.0,0.031,0.031,56.2537,14.4286,769.5483,812.8618
594, 2014-09-04 02:00:00+0300,54.1419,0.0,0.031,0.031,54.1419,19.2341,771.3835,814.5402
595, 2014-09-04 02:15:00+0300,48.3316,0.0,0.031,0.031,48.3316,27.3965,773.1482,816.0385
596, 2014-09-04 02:30:00+0300,54.1075,0.0,0.031,0.031,54.1075,38.4791,775.1872,817.7158
597, 2014-09-04 02:45:00+0300,54.0118,0.0,0.031,0.031,54.0118,50.1442,777.2422,819.3902
598, 2014-09-04 03:00:00+0300,51.4436,0.0,0.031,0.031,51.4436,59.7881,779.1516,820.985
599, 2014-09-04 03:15:00+0300,52.5535,0.0,0.031,0.031,52.5535,71.6084,781.1665,822.6141
600, 2014-09-04 03:30:00+0300,55.7306,0.0,0.031,0.031,55.7306,88.1717,783.4346,824.3418
601, 2014-09-04 03:45:00+0300,55.4408,0.0,0.031,0.031,55.4409,105.1654,785.7078,826.0604
602, 2014-09-04 04:00:00+0300,51.6228,0.0,0.031,0.031,51.6228,120.7385,787.8163,827.6607
603, 2014-09-04 04:15:00+0300,52.0867,0.0,0.031,0.031,52.0925,138.4963,790.0105,829.2754
604, 2014-09-04 04:30:00+0300,54.2382,0.0,0.031,0.031,54.2383,156.3051,792.273,830.9568
605, 2014-09-04 04:45:00+0300,57.5851,0.0,0.031,0.031,57.6897,174.1087,794.6391,832.742
606, 2014-09-04 05:00:00+0300,51.7501,0.0,0.031,0.031,52.6094,191.4993,796.8108,834.3462
607, 2014-09-04 05:15:00+0300,51.1377,0.0,0.031,0.031,61.0608,209.3117,798.9773,835.9315
608, 2014-09-04 05:30:00+0300,55.6308,0.0,0.031,0.031,69.7546,227.1242,801.2831,837.656
609, 2014-09-04 05:45:00+0300,52.8693,0.0,0.031,0.031,67.6988,244.9363,803.5033,839.295
610, 2014-09-04 06:00:00+0300,51.465,0.0,0.031,0.031,64.8338,262.5509,805.6735,840.8904
611, 2014-09-04 06:15:00+0300,54.4047,0.0,0.031,0.031,73.1446,280.3634,807.9413,842.5769
612, 2014-09-04 06:30:00+0300,52.7897,0.0,0.031,0.031,71.539,298.1759,810.159,844.2134
613, 2014-09-04 06:45:00+0300,52.9166,0.0,0.031,0.031,71.6649,300.0,811.859,845.8538
614, 2014-09-04 07:00:00+0300,54.5201,0.0,0.031,0.031,73.1024,300.0,813.5491,847.544
615, 2014-09-04 07:15:00+0300,52.6984,0.0,0.031,0.031,71.4484,300.0,815.1828,849.1776
616, 2014-09-04 07:30:00+0300,53.9598,0.0,0.031,0.031,72.7098,300.0,816.8555,850.8504
617, 2014-09-04 07:45:00+0300,50.0325,0.1083,0.031,0.031,68.6742,300.0,818.4032,852.398
618, 2014-09-04 08:00:00+0300,59.1096,1.1495,0.031,0.031,76.6708,300.0,820.1999,854.1948
619, 2014-09-04 08:15:00+0300,44.6262,3.8636,0.031,0.031,59.5126,300.0,821.4636,855.4584
620, 2014-09-04 08:30:00+0300,53.9135,6.6411,0.031,0.031,66.0223,300.0,822.929,856.9239
621, 2014-09-04 08:45:00+0300,58.0287,8.7115,0.031,0.031,68.0669,300.0,824.4578,858.4527
622, 2014-09-04 09:00:00+0300,51.7122,10.5393,0.049,0.031,59.1338,280.2632,825.5566,860.4702
623, 2014-09-04 09:15:00+0300,53.5431,11.9287,0.049,0.031,53.2767,260.5265,826.6769,862.5093
624, 2014-09-04 09:30:00+0300,56.3402,12.8534,0.049,0.031,62.2215,240.7899,827.889,864.6401
625, 2014-09-04 09:45:00+0300,59.8204,4.0958,0.049,0.031,63.9109,221.053,829.7008,867.3706
626, 2014-09-04 10:00:00+0300,69.9743,7.8445,0.049,0.031,43.3799,201.3162,831.8264,870.415
627, 2014-09-04 10:15:00+0300,73.0164,10.2817,0.049,0.031,44.0725,181.5794,833.9817,873.489
628, 2014-09-04 10:30:00+0300,75.4603,11.4184,0.049,0.031,46.2249,161.8425,836.201,876.627
629, 2014-09-04 10:45:00+0300,73.9263,11.6482,0.049,0.031,43.5472,142.1057,838.3338,879.6787
630, 2014-09-04 11:00:00+0300,81.6701,11.913,0.049,0.031,51.0071,122.3688,840.8332,883.0968
631, 2014-09-04 11:15:00+0300,89.2889,16.1041,0.049,0.031,54.4348,102.632,843.5005,886.6828
632, 2014-09-04 11:30:00+0300,92.0691,22.8449,0.049,0.031,50.4742,82.8952,845.9737,890.0748
633, 2014-09-04 11:45:00+0300,89.6402,30.6685,0.049,0.031,40.2217,63.1583,847.9446,892.9644
634, 2014-09-04 12:00:00+0300,91.5047,38.4755,0.049,0.031,34.2792,43.4216,849.6243,895.5628
635, 2014-09-04 12:15:00+0300,92.1143,46.2034,0.049,0.031,27.1609,23.6847,850.9552,897.8125
636, 2014-09-04 12:30:00+0300,95.8641,53.4538,0.049,0.031,23.6602,4.0141,852.1176,899.8906
637, 2014-09-04 12:45:00+0300,105.5482,60.8194,0.049,0.031,25.9789,0.1562,854.1297,902.0823
638, 2014-09-04 13:00:00+0300,95.6537,67.8864,0.049,0.031,9.0301,0.0567,855.4857,903.4429
639, 2014-09-04 13:15:00+0300,94.7245,74.6009,0.049,0.031,2.3151,0.1062,856.4743,904.4289
640, 2014-09-04 13:30:00+0300,100.0126,80.94,0.049,0.031,5.4389,0.0946,857.4083,905.3635
641, 2014-09-04 13:45:00+0300,90.9752,86.9223,0.049,0.031,-1.171,0.0659,857.6056,905.5621
642, 2014-09-04 14:00:00+0300,96.3934,92.7841,0.049,0.031,1.3052,0.0523,857.7818,905.739
643, 2014-09-04 14:15:00+0300,96.7423,97.9013,0.049,0.031,3.7228,4.0811,857.9328,905.703
644, 2014-09-04 14:30:00+0300,94.2362,102.5803,0.049,0.031,1.1263,12.461,857.9562,905.4444
645, 2014-09-04 14:45:00+0300,103.2324,106.7878,0.049,0.031,10.0135,25.3945,858.449,905.3341
646, 2014-09-04 15:00:00+0300,88.8194,110.5382,0.049,0.031,-5.494,41.2315,858.2925,904.6609
647, 2014-09-04 15:15:00+0300,94.9547,113.8177,0.049,0.031,-1.1559,57.2799,858.2315,904.0761
648, 2014-09-04 15:30:00+0300,95.3706,116.6054,0.049,0.031,-2.5174,74.9429,858.1496,903.4178
649, 2014-09-04 15:45:00+0300,89.0403,118.9334,0.049,0.031,-11.1796,92.7067,857.8025,902.4911
650, 2014-09-04 16:00:00+0300,94.729,120.656,0.049,0.031,-7.2124,110.4915,857.5792,901.6874
651, 2014-09-04 16:15:00+0300,105.2469,121.8777,0.049,0.031,2.1174,128.3022,857.6829,901.1718
652, 2014-09-04 16:30:00+0300,93.4427,122.5651,0.049,0.031,-10.3723,146.1147,857.3614,900.2691
653, 2014-09-04 16:45:00+0300,92.5151,122.6591,0.049,0.031,-11.3943,163.927,857.0081,899.3346
654, 2014-09-04 17:00:00+0300,97.0927,122.0829,0.049,0.031,-6.2413,181.739,856.8147,898.5599
655, 2014-09-04 17:15:00+0300,94.1726,120.9013,0.049,0.031,-8.0034,199.5071,856.5659,897.7313
656, 2014-09-04 17:30:00+0300,99.0072,119.4998,0.049,0.031,-1.7427,217.3195,856.5119,897.096
657, 2014-09-04 17:45:00+0300,92.5367,117.244,0.049,0.031,-5.9659,235.1172,856.3267,896.3301
658, 2014-09-04 18:00:00+0300,98.5357,114.4382,0.049,0.031,2.7937,252.8758,856.4634,895.8371
659, 2014-09-04 18:15:00+0300,97.4261,110.874,0.049,0.031,3.0639,266.9007,856.5279,895.4202
660, 2014-09-04 18:30:00+0300,94.0072,106.3184,0.049,0.031,0.9221,276.6991,856.466,895.0386
661, 2014-09-04 18:45:00+0300,102.3057,100.748,0.049,0.031,10.6873,283.0465,856.8697,895.1149
662, 2014-09-04 19:00:00+0300,98.788,94.1573,0.049,0.031,9.9434,286.8429,857.2924,895.3418
663, 2014-09-04 19:15:00+0300,82.3482,86.1487,0.049,0.031,-4.9078,285.2545,857.1278,895.224
664, 2014-09-04 19:30:00+0300,95.8598,77.4432,0.049,0.031,16.5981,282.4349,857.899,896.1264
665, 2014-09-04 19:45:00+0300,93.4652,68.8857,0.049,0.031,22.3662,278.8577,858.9369,897.3308
666, 2014-09-04 20:00:00+0300,89.4077,58.3874,0.049,0.031,28.2474,274.0811,860.2345,898.8508
667, 2014-09-04 20:15:00+0300,94.3883,43.6487,0.049,0.031,43.6486,257.57,861.9522,901.3371
668, 2014-09-04 20:30:00+0300,92.2586,23.0517,0.049,0.031,53.9152,237.8359,864.4247,904.7282
669, 2014-09-04 20:45:00+0300,74.9636,5.2626,0.049,0.031,53.5112,218.0991,866.9213,908.1435
670, 2014-09-04 21:00:00+0300,86.1884,0.0308,0.049,0.031,71.3671,198.3625,870.2242,912.3653
671, 2014-09-04 21:15:00+0300,83.2312,0.0,0.049,0.031,64.4812,178.6256,873.3838,916.4436
672, 2014-09-04 21:30:00+0300,79.9122,0.0,0.049,0.031,61.1622,158.8888,876.3808,920.3593
673, 2014-09-04 21:45:00+0300,79.1805,0.0,0.049,0.031,60.4305,139.1519,879.3419,924.2391
674, 2014-09-04 22:00:00+0300,77.962,0.0,0.049,0.031,59.212,119.4151,882.2433,928.0593
675, 2014-09-04 22:15:00+0300,59.9846,0.0,0.049,0.031,41.2346,99.6782,884.2637,930.9985
676, 2014-09-04 22:30:00+0300,62.1821,0.0,0.049,0.031,43.4321,79.9414,886.3919,934.0454
677, 2014-09-04 22:45:00+0300,58.1002,0.0,0.049,0.031,39.3502,60.2046,888.3201,936.8923
678, 2014-09-04 23:00:00+0300,57.9468,0.0,0.049,0.031,39.1968,40.4677,890.2407,939.7317
679, 2014-09-04 23:15:00+0300,53.8315,0.0,0.049,0.031,35.0815,20.7309,891.9597,942.3695
680, 2014-09-04 23:30:00+0300,55.5472,0.0,0.049,0.031,36.7972,0.994,893.7628,945.0913
681, 2014-09-04 23:45:00+0300,51.3394,0.0,0.049,0.031,32.5894,0.0,896.2321,947.6069
682, 2014-09-05 00:00:00+0300,55.8562,0.0,0.049,0.031,38.3821,0.0,898.9691,950.3439
683, 2014-09-05 00:15:00+0300,52.2819,0.0,0.049,0.031,52.2819,0.0,901.5309,952.9057
684, 2014-09-05 00:30:00+0300,55.7095,0.0,0.049,0.031,55.7095,0.0,904.2607,955.6354
685, 2014-09-05 00:45:00+0300,51.6646,0.0,0.049,0.031,51.6646,0.0,906.7922,958.167
686, 2014-09-05 01:00:00+0300,53.5865,0.0,0.031,0.031,53.5865,2.9856,908.5508,959.8282
687, 2014-09-05 01:15:00+0300,49.6911,0.0,0.031,0.031,49.6911,8.7235,910.2785,961.3686
688, 2014-09-05 01:30:00+0300,53.0365,0.0,0.031,0.031,53.0365,17.0109,912.1931,963.0128
689, 2014-09-05 01:45:00+0300,56.0942,0.0,0.031,0.031,56.0942,23.3727,914.1396,964.7517
690, 2014-09-05 02:00:00+0300,51.816,0.0,0.031,0.031,51.816,28.3543,915.9084,966.358
691, 2014-09-05 02:15:00+0300,55.8166,0.0,0.031,0.031,55.8166,36.064,917.8903,968.0883
692, 2014-09-05 02:30:00+0300,52.8288,0.0,0.031,0.031,52.8288,46.0417,919.8536,969.726
693, 2014-09-05 02:45:00+0300,52.2135,0.0,0.031,0.031,52.2135,54.3228,921.7424,971.3446
694, 2014-09-05 03:00:00+0300,53.9183,0.0,0.031,0.031,53.9182,60.5259,923.6163,973.0161
695, 2014-09-05 03:15:00+0300,52.5804,0.0,0.031,0.031,52.5804,69.6704,925.5447,974.646
696, 2014-09-05 03:30:00+0300,54.8853,0.0,0.031,0.031,54.8853,81.0157,927.6164,976.3475
697, 2014-09-05 03:45:00+0300,55.2036,0.0,0.031,0.031,55.2037,91.8036,929.6797,978.0588
698, 2014-09-05 04:00:00+0300,55.5583,0.0,0.031,0.031,55.5583,99.7308,931.6607,979.7811
699, 2014-09-05 04:15:00+0300,51.5865,0.0,0.031,0.031,51.5866,116.6121,933.8107,981.3803
700, 2014-09-05 04:30:00+0300,53.6167,0.0,0.031,0.031,53.6167,134.0181,936.0408,983.0424
701, 2014-09-05 04:45:00+0300,52.583,0.0,0.031,0.031,53.1843,151.4276,938.239,984.6725
702, 2014-09-05 05:00:00+0300,52.2216,0.0,0.031,0.031,53.328,167.9438,940.3968,986.2914
703, 2014-09-05 05:15:00+0300,59.5743,0.0,0.031,0.031,62.3987,185.7537,942.8248,988.1382
704, 2014-09-05 05:30:00+0300,52.3052,0.0,0.031,0.031,57.3467,203.5658,945.0275,989.7596
705, 2014-09-05 05:45:00+0300,53.4172,0.0,0.031,0.031,57.9591,221.3773,947.2647,991.4155
706, 2014-09-05 06:00:00+0300,54.1987,0.0,0.031,0.031,57.1241,239.1667,949.5253,993.0957
707, 2014-09-05 06:15:00+0300,59.9049,0.0,0.031,0.031,77.4446,256.9792,951.9636,994.9528
708, 2014-09-05 06:30:00+0300,51.41,0.0,0.031,0.031,69.2859,274.7917,954.1386,996.5465
709, 2014-09-05 06:45:00+0300,54.4942,0.0,0.031,0.031,71.456,292.6041,956.4091,998.2358
710, 2014-09-05 07:00:00+0300,55.1788,0.0,0.031,0.031,68.2836,300.0,958.361,999.9463
711, 2014-09-05 07:15:00+0300,52.8106,0.0,0.031,0.031,71.557,300.0,959.9981,1001.5835
712, 2014-09-05 07:30:00+0300,54.5324,0.0,0.031,0.031,73.2807,300.0,961.6887,1003.274
713, 2014-09-05 07:45:00+0300,61.5568,0.0862,0.031,0.031,80.2141,300.0,963.5942,1005.1795
714, 2014-09-05 08:00:00+0300,50.6548,1.1843,0.031,0.031,68.0991,300.0,965.1278,1006.7131
715, 2014-09-05 08:15:00+0300,53.3276,5.8275,0.031,0.031,66.2498,300.0,966.6003,1008.1856
716, 2014-09-05 08:30:00+0300,53.6977,11.9442,0.031,0.031,60.5034,300.0,967.8947,1009.48
717, 2014-09-05 08:45:00+0300,57.5407,15.4741,0.031,0.031,60.8164,300.0,969.1987,1010.7841
718, 2014-09-05 09:00:00+0300,51.7018,16.7834,0.049,0.031,53.6595,280.2646,969.9911,1012.4951
719, 2014-09-05 09:15:00+0300,55.1438,18.9732,0.049,0.031,53.268,260.5931,970.8477,1014.2674
720, 2014-09-05 09:30:00+0300,52.951,22.4563,0.049,0.031,46.853,241.1969,971.4391,1015.7617
721, 2014-09-05 09:45:00+0300,66.354,0.0862,0.049,0.031,80.152,221.54,973.7712,1019.0088
722, 2014-09-05 10:00:00+0300,73.2612,4.2423,0.049,0.031,54.4274,201.8032,976.2343,1022.3907
723, 2014-09-05 10:15:00+0300,78.2033,13.1423,0.049,0.031,53.3048,182.0663,978.5036,1025.5787
724, 2014-09-05 10:30:00+0300,83.0474,15.9643,0.049,0.031,59.5014,162.3295,980.8719,1028.8658
725, 2014-09-05 10:45:00+0300,87.3348,20.4613,0.049,0.031,58.0319,142.593,983.23,1032.1426
726, 2014-09-05 11:00:00+0300,87.8491,24.0271,0.049,0.031,45.0767,122.8562,985.4385,1035.2698
727, 2014-09-05 11:15:00+0300,95.8769,29.7974,0.049,0.031,47.3333,103.1193,987.7576,1038.5077
728, 2014-09-05 11:30:00+0300,93.3481,37.9177,0.049,0.031,36.7767,83.3826,989.555,1041.2238
729, 2014-09-05 11:45:00+0300,90.3096,44.8403,0.049,0.031,26.9011,63.6544,990.8646,1043.4518
730, 2014-09-05 12:00:00+0300,96.4505,51.4913,0.049,0.031,26.2124,43.9729,992.1514,1045.6548
731, 2014-09-05 12:15:00+0300,100.8175,57.8398,0.049,0.031,24.2322,24.251,993.3393,1047.7607
732, 2014-09-05 12:30:00+0300,92.7764,64.6686,0.049,0.031,9.4577,4.7719,993.8098,1049.138
733, 2014-09-05 12:45:00+0300,98.4452,71.2232,0.049,0.031,9.2865,0.0,994.9216,1050.4719
734, 2014-09-05 13:00:00+0300,97.4806,76.4317,0.049,0.031,4.9917,0.0,995.953,1051.5033
735, 2014-09-05 13:15:00+0300,95.6177,81.5809,0.049,0.031,1.8063,0.0004,996.6408,1052.1911
736, 2014-09-05 13:30:00+0300,83.9118,86.2567,0.049,0.031,-9.8571,0.0008,996.5681,1052.1184
737, 2014-09-05 13:45:00+0300,93.6521,88.4983,0.049,0.031,1.0885,0.0023,996.8207,1052.3709
738, 2014-09-05 14:00:00+0300,90.1064,91.8631,0.049,0.031,-3.4001,0.0031,996.7663,1052.3165
739, 2014-09-05 14:15:00+0300,89.4202,96.5815,0.049,0.031,-5.7865,0.3225,996.5547,1052.0945
740, 2014-09-05 14:30:00+0300,97.6235,101.3988,0.049,0.031,2.0898,5.0017,996.6111,1051.9774
741, 2014-09-05 14:45:00+0300,76.6495,105.4353,0.049,0.031,-18.4651,13.4382,995.994,1051.0851
742, 2014-09-05 15:00:00+0300,90.0433,108.9773,0.049,0.031,-4.8483,24.881,995.7805,1050.4981
743, 2014-09-05 15:15:00+0300,93.0653,112.0356,0.049,0.031,-5.8102,38.5828,995.6395,1049.91
744, 2014-09-05 15:30:00+0300,91.3749,114.5872,0.049,0.031,-8.0831,53.5997,995.4099,1049.1905
745, 2014-09-05 15:45:00+0300,91.861,116.7502,0.049,0.031,-8.8266,69.2362,995.1486,1048.4189
746, 2014-09-05 16:00:00+0300,85.9877,118.4508,0.049,0.031,-15.7074,85.5204,994.6736,1047.4125
747, 2014-09-05 16:15:00+0300,95.4105,119.6019,0.049,0.031,-7.8229,102.2243,994.4688,1046.6626
748, 2014-09-05 16:30:00+0300,91.2332,120.1868,0.049,0.031,-12.2047,118.8257,994.1129,1045.765
749, 2014-09-05 16:45:00+0300,86.5565,119.8064,0.049,0.031,-16.8111,134.7168,993.6007,1044.7343
750, 2014-09-05 17:00:00+0300,91.0262,112.4003,0.049,0.031,-9.2165,149.7218,993.4278,1044.0717
751, 2014-09-05 17:15:00+0300,84.9929,104.4481,0.049,0.031,-24.6905,151.782,992.8919,1043.4686
752, 2014-09-05 17:30:00+0300,91.5754,108.2811,0.049,0.031,-19.6592,152.7715,992.4063,1042.9507
753, 2014-09-05 17:45:00+0300,96.8997,112.261,0.049,0.031,-17.2181,152.3676,991.9182,1042.4745
754, 2014-09-05 18:00:00+0300,89.4899,110.6544,0.049,0.031,-20.8008,153.3709,991.2949,1041.8184
755, 2014-09-05 18:15:00+0300,85.4952,106.8352,0.049,0.031,-18.5541,157.6889,990.7742,1041.1569
756, 2014-09-05 18:30:00+0300,90.4871,102.161,0.049,0.031,-11.2384,159.0701,990.4574,1040.795
757, 2014-09-05 18:45:00+0300,89.6691,96.4043,0.049,0.031,-8.0394,157.8715,990.2133,1040.5862
758, 2014-09-05 19:00:00+0300,90.0507,89.5437,0.049,0.031,-3.0656,154.0795,990.1174,1040.611
759, 2014-09-05 19:15:00+0300,91.9458,81.3344,0.049,0.031,-4.872,139.8469,990.0272,1041.131
760, 2014-09-05 19:30:00+0300,87.7834,72.3015,0.049,0.031,-3.1598,120.6284,989.9411,1041.8896
761, 2014-09-05 19:45:00+0300,89.1643,62.3945,0.049,0.031,8.0222,100.9037,990.3347,1043.2013
762, 2014-09-05 20:00:00+0300,84.2941,49.3101,0.049,0.031,16.234,81.1669,991.1301,1044.9155
763, 2014-09-05 20:15:00+0300,92.3349,33.514,0.049,0.031,40.071,61.4302,993.0936,1047.7978
764, 2014-09-05 20:30:00+0300,76.7639,14.9517,0.049,0.031,43.0621,41.6933,995.2036,1050.8266
765, 2014-09-05 20:45:00+0300,69.5503,2.7268,0.049,0.031,48.0736,21.9565,997.5592,1054.1009
766, 2014-09-05 21:00:00+0300,79.499,0.0094,0.049,0.031,60.7396,2.2196,1000.5355,1057.9959
767, 2014-09-05 21:15:00+0300,68.9599,0.0,0.049,0.031,68.4849,0.0,1003.8112,1061.3749
768, 2014-09-05 21:30:00+0300,73.6873,0.0,0.049,0.031,73.6873,0.0,1007.4219,1064.9856
769, 2014-09-05 21:45:00+0300,72.6106,0.0,0.049,0.031,72.6106,0.0,1010.9798,1068.5435
770, 2014-09-05 22:00:00+0300,68.1835,0.0,0.049,0.031,68.1835,0.0,1014.3208,1071.8845
771, 2014-09-05 22:15:00+0300,59.4331,0.0,0.049,0.031,59.4331,0.0,1017.233,1074.7968
772, 2014-09-05 22:30:00+0300,59.2954,0.0,0.049,0.031,59.2954,0.0,1020.1385,1077.7022
773, 2014-09-05 22:45:00+0300,59.5788,0.0,0.049,0.031,59.5788,0.0,1023.0579,1080.6216
774, 2014-09-05 23:00:00+0300,53.9054,0.0,0.049,0.031,53.9054,0.0,1025.6992,1083.263
775, 2014-09-05 23:15:00+0300,50.9283,0.0,0.049,0.031,50.9283,0.0,1028.1947,1085.7584
776, 2014-09-05 23:30:00+0300,55.5905,0.0,0.049,0.031,55.5905,0.0,1030.9186,1088.4824
777, 2014-09-05 23:45:00+0300,56.2769,0.0,0.049,0.031,56.2769,0.0,1033.6762,1091.24
778, 2014-09-06 00:00:00+0300,53.5902,0.0,0.049,0.031,53.5902,0.0,1036.3021,1093.8659
779, 2014-09-06 00:15:00+0300,55.4381,0.0,0.049,0.031,55.4381,0.0,1039.0186,1096.5823
780, 2014-09-06 00:30:00+0300,57.1304,0.0,0.049,0.031,57.1304,0.0,1041.818,1099.3817
781, 2014-09-06 00:45:00+0300,44.7189,0.0,0.049,0.031,44.7189,0.0,1044.0092,1101.573
782, 2014-09-06 01:00:00+0300,54.8963,0.0,0.031,0.031,54.8963,7.1174,1045.9432,1103.2747
783, 2014-09-06 01:15:00+0300,47.4655,0.0,0.031,0.031,47.4655,18.6343,1047.7905,1104.7462
784, 2014-09-06 01:30:00+0300,53.5744,0.0,0.031,0.031,53.5744,33.7377,1049.9441,1106.407
785, 2014-09-06 01:45:00+0300,53.0285,0.0,0.031,0.031,53.0285,51.4331,1052.1655,1108.0509
786, 2014-09-06 02:00:00+0300,54.2776,0.0,0.031,0.031,54.2776,69.1663,1054.4267,1109.7335
787, 2014-09-06 02:15:00+0300,54.8316,0.0,0.031,0.031,54.8316,86.5173,1056.6927,1111.4332
788, 2014-09-06 02:30:00+0300,53.3088,0.0,0.031,0.031,53.3088,104.3297,1058.9265,1113.0858
789, 2014-09-06 02:45:00+0300,54.6284,0.0,0.031,0.031,54.6284,122.1422,1061.2012,1114.7793
790, 2014-09-06 03:00:00+0300,51.8182,0.0,0.031,0.031,51.8186,139.9546,1063.3889,1116.3857
791, 2014-09-06 03:15:00+0300,55.2017,0.0,0.031,0.031,55.2016,157.7671,1065.6814,1118.0969
792, 2014-09-06 03:30:00+0300,52.9456,0.0,0.031,0.031,52.9491,175.5796,1067.9039,1119.7382
793, 2014-09-06 03:45:00+0300,53.3055,0.0,0.031,0.031,53.308,193.3921,1070.1376,1121.3907
794, 2014-09-06 04:00:00+0300,54.8492,0.0,0.031,0.031,54.8541,211.2046,1072.4192,1123.091
795, 2014-09-06 04:15:00+0300,48.2883,0.0,0.031,0.031,51.2006,229.0171,1074.4974,1124.588
796, 2014-09-06 04:30:00+0300,54.6631,0.0,0.031,0.031,64.0683,246.8296,1076.7732,1126.2825
797, 2014-09-06 04:45:00+0300,59.6276,0.0,0.031,0.031,76.271,264.6421,1079.2029,1128.131
798, 2014-09-06 05:00:00+0300,49.6872,0.0,0.031,0.031,62.2061,282.4546,1081.3245,1129.6713
799, 2014-09-06 05:15:00+0300,53.1995,0.0,0.031,0.031,71.9495,300.0,1083.5462,1131.3205
800, 2014-09-06 05:30:00+0300,55.0767,0.0,0.031,0.031,73.8267,300.0,1085.2536,1133.0278
801, 2014-09-06 05:45:00+0300,52.3612,0.0,0.031,0.031,71.1112,300.0,1086.8768,1134.651
802, 2014-09-06 06:00:00+0300,54.3072,0.0,0.031,0.031,73.0572,300.0,1088.5603,1136.3346
803, 2014-09-06 06:15:00+0300,55.2384,0.0,0.031,0.031,73.9884,300.0,1090.2727,1138.0469
804, 2014-09-06 06:30:00+0300,53.2634,0.0,0.031,0.031,72.0134,300.0,1091.9238,1139.6981
805, 2014-09-06 06:45:00+0300,53.5671,0.0,0.031,0.031,72.3171,300.0,1093.5844,1141.3587
806, 2014-09-06 07:00:00+0300,53.1237,0.0,0.031,0.031,71.8737,300.0,1095.2313,1143.0055
807, 2014-09-06 07:15:00+0300,52.3485,0.0,0.031,0.031,71.0985,300.0,1096.8541,1144.6283
808, 2014-09-06 07:30:00+0300,54.5032,0.0,0.031,0.031,73.2532,300.0,1098.5437,1146.3179
809, 2014-09-06 07:45:00+0300,60.0137,0.0622,0.031,0.031,78.7014,300.0,1100.4022,1148.1764
810, 2014-09-06 08:00:00+0300,52.0984,1.1431,0.031,0.031,69.7054,300.0,1101.9818,1149.756
811, 2014-09-06 08:15:00+0300,56.0386,5.4855,0.031,0.031,69.3031,300.0,1103.5489,1151.3232
812, 2014-09-06 08:30:00+0300,53.1933,8.6692,0.031,0.031,63.2741,299.9998,1104.9292,1152.7034
813, 2014-09-06 08:45:00+0300,48.3966,9.4686,0.031,0.031,50.7266,299.9858,1106.1355,1153.9102
814, 2014-09-06 09:00:00+0300,54.2762,10.6257,0.049,0.031,43.6505,280.2489,1107.3556,1156.0491
815, 2014-09-06 09:15:00+0300,53.2142,12.0314,0.049,0.031,41.1827,260.5121,1108.4548,1158.067
816, 2014-09-06 09:30:00+0300,53.9094,13.1479,0.049,0.031,40.7614,240.7753,1109.5334,1160.0643
817, 2014-09-06 09:45:00+0300,54.639,2.5979,0.049,0.031,52.041,221.0384,1111.1647,1162.6144
818, 2014-09-06 10:00:00+0300,55.6923,7.2704,0.049,0.031,29.6719,201.3016,1112.6186,1164.987
819, 2014-09-06 10:15:00+0300,50.4911,10.289,0.049,0.031,25.1406,181.5647,1113.6697,1166.9569
820, 2014-09-06 10:30:00+0300,54.5615,11.8059,0.049,0.031,53.2185,161.8279,1114.846,1169.052
821, 2014-09-06 10:45:00+0300,53.618,12.7066,0.049,0.031,22.4666,142.0911,1115.9319,1171.0566
822, 2014-09-06 11:00:00+0300,54.1795,12.6403,0.049,0.031,22.7891,122.3542,1117.0486,1173.092
823, 2014-09-06 11:15:00+0300,52.696,15.8331,0.049,0.031,18.1129,102.6174,1117.9361,1174.8983
824, 2014-09-06 11:30:00+0300,53.8529,23.6064,0.049,0.031,11.4966,82.8805,1118.4995,1176.3804
825, 2014-09-06 11:45:00+0300,53.2771,30.3834,0.049,0.031,4.152,63.145,1118.7026,1177.5022
826, 2014-09-06 12:00:00+0300,54.0915,38.0939,0.049,0.031,-1.9837,45.3763,1118.6752,1178.2861
827, 2014-09-06 12:15:00+0300,53.1355,45.7304,0.049,0.031,1.7575,34.6429,1118.5887,1178.6489
828, 2014-09-06 12:30:00+0300,56.7571,52.9164,0.049,0.031,2.6517,30.4024,1118.5828,1178.8371
829, 2014-09-06 12:45:00+0300,52.6067,60.2274,0.049,0.031,-6.1971,30.2031,1118.3407,1178.6009
830, 2014-09-06 13:00:00+0300,52.4003,67.2856,0.049,0.031,-13.0645,32.0292,1117.9389,1178.1394
831, 2014-09-06 13:15:00+0300,57.1075,74.0294,0.049,0.031,-13.6326,35.487,1117.5271,1177.6148
832, 2014-09-06 13:30:00+0300,54.0615,80.4007,0.049,0.031,-23.5292,39.5469,1116.8431,1176.7983
833, 2014-09-06 13:45:00+0300,61.4057,86.4132,0.049,0.031,-20.3021,48.2885,1116.3531,1176.0231
834, 2014-09-06 14:00:00+0300,52.7524,92.0212,0.049,0.031,-32.2694,61.7608,1115.5754,1174.8058
835, 2014-09-06 14:15:00+0300,55.2126,97.4384,0.049,0.031,-29.5622,77.6697,1114.7855,1173.4968
836, 2014-09-06 14:30:00+0300,54.2227,102.1432,0.049,0.031,-35.9943,94.9673,1113.8644,1172.0112
837, 2014-09-06 14:45:00+0300,49.4611,106.4065,0.049,0.031,-40.8268,112.7624,1112.6798,1170.2459
838, 2014-09-06 15:00:00+0300,54.5145,110.1851,0.049,0.031,-37.2132,130.5739,1111.5353,1168.5201
839, 2014-09-06 15:15:00+0300,52.6346,113.4719,0.049,0.031,-42.1155,148.3864,1110.2305,1166.6342
840, 2014-09-06 15:30:00+0300,55.5068,116.2622,0.049,0.031,-42.0107,166.1989,1108.9284,1164.7508
841, 2014-09-06 15:45:00+0300,54.4369,118.5295,0.049,0.031,-45.3432,184.0114,1107.5228,1162.7639
842, 2014-09-06 16:00:00+0300,52.7412,120.2459,0.049,0.031,-48.7547,201.8239,1106.0114,1160.6712
843, 2014-09-06 16:15:00+0300,54.3447,121.233,0.049,0.031,-64.0372,219.6364,1104.5191,1158.5977
844, 2014-09-06 16:30:00+0300,55.0076,121.7527,0.049,0.031,-66.745,237.4489,1103.0312,1156.5286
845, 2014-09-06 16:45:00+0300,55.203,121.6272,0.049,0.031,-66.4242,255.2614,1101.5533,1154.4695
846, 2014-09-06 17:00:00+0300,52.5826,121.1602,0.049,0.031,-68.5775,273.0739,1100.0087,1152.3436
847, 2014-09-06 17:15:00+0300,55.4633,119.8399,0.049,0.031,-64.3766,290.8864,1098.5942,1150.3479
848, 2014-09-06 17:30:00+0300,55.9354,117.9141,0.049,0.031,-61.9787,300.0,1096.9703,1148.4265
849, 2014-09-06 17:45:00+0300,53.7247,115.5678,0.049,0.031,-61.8431,300.0,1095.0532,1146.5094
850, 2014-09-06 18:00:00+0300,52.3786,112.6341,0.049,0.031,-60.2555,300.0,1093.1852,1144.6415
851, 2014-09-06 18:15:00+0300,57.4843,108.8332,0.049,0.031,-51.3489,300.0,1091.5934,1143.0497
852, 2014-09-06 18:30:00+0300,53.1585,103.4096,0.049,0.031,-50.2511,300.0,1090.0356,1141.4919
853, 2014-09-06 18:45:00+0300,52.7718,84.1027,0.049,0.031,-31.3309,300.0,1089.0644,1140.5206
854, 2014-09-06 19:00:00+0300,53.3572,61.8439,0.049,0.031,-8.4867,300.0,1088.8013,1140.2575
855, 2014-09-06 19:15:00+0300,57.6087,65.1532,0.049,0.031,-7.5449,299.9952,1088.5673,1140.0237
856, 2014-09-06 19:30:00+0300,51.8146,70.6945,0.049,0.031,-18.8795,299.9994,1087.9821,1139.4384
857, 2014-09-06 19:45:00+0300,58.1701,64.5339,0.049,0.031,-6.3639,299.9986,1087.7848,1139.2411
858, 2014-09-06 20:00:00+0300,52.6388,52.4093,0.049,0.031,0.2294,299.9972,1087.796,1139.2524
859, 2014-09-06 20:15:00+0300,52.4911,35.5428,0.049,0.031,14.8434,286.6758,1088.0064,1140.0828
860, 2014-09-06 20:30:00+0300,54.2027,15.1292,0.049,0.031,28.3388,266.9399,1089.0023,1141.9974
861, 2014-09-06 20:45:00+0300,59.8583,2.5218,0.049,0.031,42.623,247.203,1090.893,1144.8069
862, 2014-09-06 21:00:00+0300,52.0208,0.0,0.049,0.031,33.8248,227.4662,1092.5233,1147.3559
863, 2014-09-06 21:15:00+0300,52.283,0.0,0.049,0.031,33.533,207.7294,1094.1664,1149.9178
864, 2014-09-06 21:30:00+0300,54.1553,0.0,0.049,0.031,35.4054,187.9925,1095.9012,1152.5714
865, 2014-09-06 21:45:00+0300,61.0188,0.0,0.049,0.031,42.291,168.2557,1097.9724,1155.5613
866, 2014-09-06 22:00:00+0300,51.8992,0.0,0.049,0.031,33.5235,148.5189,1099.5967,1158.1044
867, 2014-09-06 22:15:00+0300,51.1084,0.0,0.049,0.031,32.3584,128.7821,1101.1823,1160.6087
868, 2014-09-06 22:30:00+0300,54.5578,0.0,0.049,0.031,35.8078,109.0452,1102.9369,1163.282
869, 2014-09-06 22:45:00+0300,54.221,0.0,0.049,0.031,35.4771,89.3084,1104.675,1165.9389
870, 2014-09-06 23:00:00+0300,53.6958,0.0,0.049,0.031,35.2659,69.5716,1106.3873,1168.57
871, 2014-09-06 23:15:00+0300,55.966,0.0,0.049,0.031,37.216,49.8348,1108.2109,1171.3123
872, 2014-09-06 23:30:00+0300,56.9566,0.0,0.049,0.031,38.2066,30.0979,1110.083,1174.1032
873, 2014-09-06 23:45:00+0300,46.5002,0.0,0.049,0.031,27.7508,10.3611,1111.4428,1176.3817
874, 2014-09-07 00:00:00+0300,56.398,0.0,0.049,0.031,37.8422,0.0,1113.724,1179.1452
875, 2014-09-07 00:15:00+0300,51.677,0.0,0.049,0.031,36.5088,0.0,1116.2561,1181.6774
876, 2014-09-07 00:30:00+0300,54.6151,0.0,0.049,0.031,54.6151,0.0,1118.9323,1184.3535
877, 2014-09-07 00:45:00+0300,51.6162,0.0,0.049,0.031,51.6162,0.0,1121.4615,1186.8827
878, 2014-09-07 01:00:00+0300,54.9259,0.0,0.031,0.031,54.9259,11.4085,1123.5365,1188.5854
879, 2014-09-07 01:15:00+0300,55.0716,0.0,0.031,0.031,55.0716,24.6565,1125.676,1190.2926
880, 2014-09-07 01:30:00+0300,56.2893,0.0,0.031,0.031,56.2893,41.7474,1127.9786,1192.0376
881, 2014-09-07 01:45:00+0300,48.1829,0.0,0.031,0.031,48.1829,59.5457,1130.0531,1193.5312
882, 2014-09-07 02:00:00+0300,53.7767,0.0,0.031,0.031,53.7767,77.329,1132.3005,1195.1983
883, 2014-09-07 02:15:00+0300,51.8668,0.0,0.031,0.031,51.8667,95.133,1134.4893,1196.8062
884, 2014-09-07 02:30:00+0300,53.6246,0.0,0.031,0.031,53.6246,112.9455,1136.7329,1198.4686
885, 2014-09-07 02:45:00+0300,57.4929,0.0,0.031,0.031,57.493,130.758,1139.0965,1200.2508
886, 2014-09-07 03:00:00+0300,53.5147,0.0,0.031,0.031,53.5168,148.5705,1141.3367,1201.9098
887, 2014-09-07 03:15:00+0300,51.1078,0.0,0.031,0.031,51.1065,166.383,1143.5023,1203.4941
888, 2014-09-07 03:30:00+0300,54.9676,0.0,0.031,0.031,54.9787,184.1955,1145.7875,1205.1981
889, 2014-09-07 03:45:00+0300,49.6447,0.0,0.031,0.031,49.6551,202.008,1147.9077,1206.7371
890, 2014-09-07 04:00:00+0300,53.0088,0.0,0.031,0.031,53.0189,219.8205,1150.1323,1208.3804
891, 2014-09-07 04:15:00+0300,53.4769,0.0,0.031,0.031,62.1001,237.633,1152.3713,1210.0382
892, 2014-09-07 04:30:00+0300,53.8061,0.0,0.031,0.031,71.8582,255.4455,1154.6205,1211.7062
893, 2014-09-07 04:45:00+0300,52.6153,0.0,0.031,0.031,71.3411,273.258,1156.8329,1213.3372
894, 2014-09-07 05:00:00+0300,54.7577,0.0,0.031,0.031,73.1207,291.0705,1159.1116,1215.0347
895, 2014-09-07 05:15:00+0300,53.204,0.0,0.031,0.031,71.954,300.0,1161.0523,1216.684
896, 2014-09-07 05:30:00+0300,56.1131,0.0,0.031,0.031,74.8631,300.0,1162.7918,1218.4235
897, 2014-09-07 05:45:00+0300,49.1422,0.0,0.031,0.031,67.8922,300.0,1164.3152,1219.947
898, 2014-09-07 06:00:00+0300,53.9981,0.0,0.031,0.031,72.7481,300.0,1165.9892,1221.6209
899, 2014-09-07 06:15:00+0300,53.896,0.0,0.031,0.031,72.646,300.0,1167.6599,1223.2917
900, 2014-09-07 06:30:00+0300,54.7912,0.0,0.031,0.031,73.5412,300.0,1169.3585,1224.9902
901, 2014-09-07 06:45:00+0300,52.9587,0.0,0.031,0.031,71.7087,300.0,1171.0002,1226.6319
902, 2014-09-07 07:00:00+0300,54.5949,0.0,0.031,0.031,73.3449,300.0,1172.6926,1228.3244
903, 2014-09-07 07:15:00+0300,50.6351,0.0,0.031,0.031,69.3851,300.0,1174.2623,1229.894
904, 2014-09-07 07:30:00+0300,53.4475,0.0,0.031,0.031,72.1975,300.0,1175.9192,1231.5509
905, 2014-09-07 07:45:00+0300,55.5515,0.0366,0.031,0.031,74.2648,300.0,1177.6401,1233.2719
906, 2014-09-07 08:00:00+0300,51.0315,0.9567,0.031,0.031,68.8247,300.0,1179.1925,1234.8242
907, 2014-09-07 08:15:00+0300,53.5483,3.8181,0.031,0.031,68.4801,300.0,1180.7341,1236.3658
908, 2014-09-07 08:30:00+0300,53.1997,6.9783,0.031,0.031,54.4643,300.0,1182.167,1237.7987
909, 2014-09-07 08:45:00+0300,53.4314,9.2863,0.031,0.031,44.1451,299.9903,1183.5352,1239.1672
910, 2014-09-07 09:00:00+0300,57.6525,13.3431,0.049,0.031,44.3094,280.2535,1184.7876,1241.3384
911, 2014-09-07 09:15:00+0300,48.4811,14.7303,0.049,0.031,33.7508,260.5166,1185.5226,1242.9921
912, 2014-09-07 09:30:00+0300,56.2442,14.0898,0.049,0.031,42.1543,240.7798,1186.6694,1245.0577
913, 2014-09-07 09:45:00+0300,47.6681,14.431,0.049,0.031,33.2371,221.043,1187.3793,1246.6863
914, 2014-09-07 10:00:00+0300,55.3072,6.8603,0.049,0.031,29.697,201.3061,1188.8344,1249.0602
915, 2014-09-07 10:15:00+0300,54.7217,10.2429,0.049,0.031,62.8402,181.5693,1190.0952,1251.2397
916, 2014-09-07 10:30:00+0300,54.8949,11.9582,0.049,0.031,45.3381,161.8324,1191.2803,1253.3436
917, 2014-09-07 10:45:00+0300,51.9125,12.8837,0.049,0.031,36.3106,142.0956,1192.274,1255.256
918, 2014-09-07 11:00:00+0300,54.6119,12.829,0.049,0.031,23.0329,122.3588,1193.4026,1257.3033
919, 2014-09-07 11:15:00+0300,53.2586,15.3481,0.049,0.031,19.1605,102.6219,1194.3414,1259.161
920, 2014-09-07 11:30:00+0300,54.9727,22.8082,0.049,0.031,13.415,82.8851,1194.9988,1260.737
921, 2014-09-07 11:45:00+0300,55.7676,29.3019,0.049,0.031,7.7287,63.1487,1195.3768,1262.0338
922, 2014-09-07 12:00:00+0300,54.2598,36.7621,0.049,0.031,-0.5664,44.5016,1195.3701,1262.8912
923, 2014-09-07 12:15:00+0300,56.0939,44.1432,0.049,0.031,4.3445,32.1242,1195.3795,1263.4768
924, 2014-09-07 12:30:00+0300,54.5832,51.3681,0.049,0.031,1.5324,26.8314,1195.3233,1263.6344
925, 2014-09-07 12:45:00+0300,48.569,58.3378,0.049,0.031,-8.3463,26.1831,1195.0014,1263.3315
926, 2014-09-07 13:00:00+0300,54.7468,68.7454,0.049,0.031,-12.1111,27.9291,1194.6244,1262.8976
927, 2014-09-07 13:15:00+0300,55.2964,76.6136,0.049,0.031,-17.9886,31.7879,1194.0895,1262.2367
928, 2014-09-07 13:30:00+0300,57.9382,79.6412,0.049,0.031,-18.6862,36.1714,1193.5598,1261.5639
929, 2014-09-07 13:45:00+0300,47.1486,83.6752,0.049,0.031,-32.0211,44.8034,1192.7091,1260.4316
930, 2014-09-07 14:00:00+0300,53.7052,88.8554,0.049,0.031,-29.7513,57.8809,1192.0462,1259.342
931, 2014-09-07 14:15:00+0300,57.5073,93.8256,0.049,0.031,-25.7422,73.881,1191.4424,1258.2161
932, 2014-09-07 14:30:00+0300,52.49,98.531,0.049,0.031,-36.239,91.3397,1190.5849,1256.7888
933, 2014-09-07 14:45:00+0300,53.0254,102.6692,0.049,0.031,-34.8811,109.1475,1189.627,1255.2499
934, 2014-09-07 15:00:00+0300,56.4905,106.4095,0.049,0.031,-31.6377,126.9599,1188.6608,1253.7024
935, 2014-09-07 15:15:00+0300,51.1296,109.6661,0.049,0.031,-40.3466,144.7723,1187.4274,1251.8877
936, 2014-09-07 15:30:00+0300,55.9772,112.4417,0.049,0.031,-37.8319,162.5848,1186.2582,1250.1373
937, 2014-09-07 15:45:00+0300,48.9252,114.5661,0.049,0.031,-59.0253,180.3973,1184.8046,1248.1025
938, 2014-09-07 16:00:00+0300,54.5008,116.0862,0.049,0.031,-61.5854,198.2098,1183.4767,1246.1933
939, 2014-09-07 16:15:00+0300,54.2403,117.0676,0.049,0.031,-62.8273,216.0223,1182.1103,1244.2457
940, 2014-09-07 16:30:00+0300,54.2223,117.4628,0.049,0.031,-63.2405,233.8348,1180.7311,1242.2852
941, 2014-09-07 16:45:00+0300,53.2837,117.4874,0.049,0.031,-64.2036,251.6473,1179.322,1240.2949
942, 2014-09-07 17:00:00+0300,54.8745,117.0561,0.049,0.031,-62.1816,269.4598,1177.9757,1238.3673
943, 2014-09-07 17:15:00+0300,55.6327,116.0272,0.049,0.031,-60.3944,287.2723,1176.6847,1236.4951
944, 2014-09-07 17:30:00+0300,57.2673,114.3783,0.049,0.031,-57.111,300.0,1175.3296,1234.7246
945, 2014-09-07 17:45:00+0300,50.4376,112.0717,0.049,0.031,-61.6341,300.0,1173.4189,1232.814
946, 2014-09-07 18:00:00+0300,54.2271,109.0374,0.049,0.031,-54.8103,300.0,1171.7198,1231.1148
947, 2014-09-07 18:15:00+0300,50.8711,105.1339,0.049,0.031,-54.2628,300.0,1170.0377,1229.4327
948, 2014-09-07 18:30:00+0300,54.763,100.3464,0.049,0.031,-45.5834,300.0,1168.6246,1228.0196
949, 2014-09-07 18:45:00+0300,52.9792,94.4825,0.049,0.031,-41.5033,300.0,1167.338,1226.733
950, 2014-09-07 19:00:00+0300,57.0457,87.4618,0.049,0.031,-30.4161,300.0,1166.3951,1225.7901
951, 2014-09-07 19:15:00+0300,55.823,79.0868,0.049,0.031,-23.2638,299.9997,1165.6739,1225.0689
952, 2014-09-07 19:30:00+0300,52.0482,70.2677,0.049,0.031,-18.2195,300.0,1165.1091,1224.5041
953, 2014-09-07 19:45:00+0300,58.732,60.4206,0.049,0.031,-1.6886,299.999,1165.0567,1224.4518
954, 2014-09-07 20:00:00+0300,50.9495,47.0085,0.049,0.031,3.9405,299.992,1165.2495,1224.6449
955, 2014-09-07 20:15:00+0300,53.9677,30.4441,0.049,0.031,19.9865,282.8528,1165.6043,1225.7975
956, 2014-09-07 20:30:00+0300,53.5912,11.3506,0.049,0.031,31.7115,263.1165,1166.7554,1227.8673
957, 2014-09-07 20:45:00+0300,53.3257,1.5274,0.049,0.031,39.3432,243.3797,1168.3748,1230.4055
958, 2014-09-07 21:00:00+0300,54.8459,0.0,0.049,0.031,38.9915,223.6428,1170.1435,1233.0929
